Software Engineer,express.j
Software Engineer,microsoft azur
Software Engineer,continu integr
Software Engineer,linux
Data Scientist,model evalu
Marketing Specialist,content market
Project Manager,project manag
Project Manager,qualiti assur
Marketing Specialist,competitor analysi
Marketing Specialist,brand ident
Marketing Specialist,forecast
Marketing Specialist,market strategi
Marketing Specialist,market trend analysi
Sales Manager,busi develop
Sales Manager,sale strategi
Sales Manager,upsel
Sales Manager,client retent
Software Engineer,agil methodolog
Software Engineer,problem solv
Software Engineer,soap
Software Engineer,android
Software Engineer,devop
Data Scientist,data preprocess
Data Scientist,dimension reduct
Data Scientist,microsoft azur
Data Scientist,kera
Marketing Specialist,social media market
Marketing Specialist,content strategi
Marketing Specialist,graphic design
Marketing Specialist,social listen
Marketing Specialist,market campaign
Marketing Specialist,content curat
Marketing Specialist,content manag system cm
Marketing Specialist,content person
Sales Manager,busi develop
Sales Manager,sale strategi
Sales Manager,cross sell
Sales Manager,client retent
Sales Manager,market analysi
Sales Manager,crm softwar
Sales Manager,problem solv
Sales Manager,sale pipelin manag
Marketing Manager,digit market
Marketing Manager,market autom
Marketing Manager,project manag
Marketing Manager,market segment
Marketing Manager,market research
Marketing Manager,media buy
Project Coordinator,project manag
Project Coordinator,meet facilit
Project Coordinator,waterfal methodolog
Project Coordinator,process improv
Project Coordinator,team collabor
Graphic Designer,adob photoshop
Graphic Designer,web design
Graphic Designer,print product
Graphic Designer,public design
