accuracy,improvement_rate,difficulty_score,performance_level
37.45,50.91,87.34,Amateur
95.07,NA,39.5,Amateur
73.2,-12.43,33.5,Beginner
59.87,43.73,20.73,Amateur
15.6,NA,37.78,Beginner
15.6,74.92,31.67,Beginner
5.81,85.91,67.73,Amateur
86.62,-48.18,28.96,Beginner
60.11,51.1,57.72,Amateur
70.81,-42.22,6.59,Beginner
2.06,32.33,19.13,Beginner
96.99,-6.86,40.74,Amateur
83.24,-3.98,93.69,Amateur
21.23,2.94,37.73,Beginner
18.18,43.19,66.41,Amateur
18.34,NA,25.51,Beginner
30.42,59.9,12.7,Beginner
52.48,10.68,5.85,Beginner
43.19,-39.75,30.54,Beginner
29.12,67.56,15.77,Beginner
61.19,-7.14,17.4,Beginner
13.95,14.92,76.08,Beginner
29.21,52.82,1.58,Beginner
36.64,-0.13,55.78,Beginner
45.61,-41.51,37.95,Beginner
78.52,6.09,50.65,Amateur
19.97,91.67,56.28,Amateur
51.42,46.26,31.34,Amateur
59.24,50.72,29.51,Amateur
4.65,44.84,73.34,Beginner
60.75,-20.15,87.13,Amateur
17.05,12.75,19.26,Beginner
6.51,62.64,9.76,Beginner
94.89,NA,89.78,Professional
96.56,-8.32,34.99,Amateur
80.84,-8.55,55.13,Amateur
30.46,14.8,35.95,Beginner
9.77,97.06,12.58,Beginner
68.42,-39.87,58.93,Beginner
44.02,27.81,52.51,Amateur
12.2,-23.1,20.3,Beginner
49.52,95.6,45.19,Amateur
3.44,-33.0,79.69,Beginner
90.93,10.54,59.04,Amateur
25.88,NA,9.69,Beginner
66.25,55.68,54.8,Amateur
31.17,13.41,70.27,Beginner
52.01,1.98,79.27,Amateur
54.67,9.64,62.91,Amateur
18.49,NA,15.27,Beginner
96.96,-19.2,71.02,Amateur
77.51,22.46,67.73,Amateur
93.95,-9.72,2.44,Beginner
89.48,NA,41.17,Amateur
59.79,48.51,33.3,Amateur
92.19,95.28,66.94,Professional
8.85,40.55,21.61,Beginner
19.6,NA,59.09,Beginner
4.52,-38.66,91.32,Beginner
32.53,92.71,79.78,Amateur
38.87,-5.41,92.15,Amateur
27.13,-36.19,97.85,Beginner
82.87,39.86,1.07,Amateur
35.68,43.55,62.27,Amateur
28.09,47.28,41.28,Beginner
54.27,NA,85.99,Amateur
14.09,-47.73,25.18,Beginner
80.22,NA,98.1,Professional
7.46,-12.37,61.37,Beginner
98.69,51.4,79.35,Professional
77.22,NA,8.56,Beginner
19.87,41.5,18.35,Beginner
0.55,-3.06,75.84,Beginner
81.55,-9.34,2.2,Beginner
70.69,39.65,81.69,Amateur
72.9,79.91,1.39,Amateur
77.13,92.01,65.71,Professional
7.4,NA,36.51,Beginner
35.85,-26.78,61.15,Beginner
11.59,91.71,69.6,Amateur
86.31,60.48,34.25,Amateur
62.33,82.45,10.8,Amateur
33.09,-19.61,6.96,Beginner
6.36,38.14,58.89,Beginner
31.1,55.17,52.07,Amateur
32.52,52.02,74.22,Amateur
72.96,11.22,50.97,Amateur
63.76,-47.69,42.24,Beginner
88.72,37.44,39.81,Amateur
47.22,-12.03,2.64,Beginner
11.96,17.54,33.56,Beginner
71.32,93.64,97.6,Professional
76.08,9.86,87.36,Amateur
56.13,75.97,32.94,Amateur
77.1,-21.72,58.78,Amateur
49.38,50.87,84.73,Amateur
52.27,96.55,44.13,Amateur
42.75,NA,1.8,Beginner
2.54,-48.75,7.45,Beginner
10.79,NA,51.04,Beginner
3.14,-36.11,96.94,Beginner
63.64,NA,69.32,Amateur
31.44,87.18,7.09,Amateur
50.86,15.1,18.94,Beginner
90.76,-11.19,77.13,Amateur
24.93,15.16,84.14,Beginner
41.04,58.52,61.77,Amateur
75.56,NA,64.44,Professional
22.88,38.42,2.83,Beginner
7.7,41.99,82.85,Amateur
28.98,45.65,78.83,Amateur
16.12,-13.7,25.9,Beginner
92.97,57.11,70.87,Professional
80.81,-36.29,21.49,Beginner
63.34,-20.11,4.03,Beginner
87.15,81.62,20.11,Amateur
80.37,60.81,17.86,Amateur
18.66,-47.94,33.77,Beginner
89.26,NA,41.84,Amateur
53.93,NA,50.85,Amateur
80.74,-9.38,47.68,Amateur
89.61,-12.87,27.07,Amateur
31.8,-40.62,2.92,Beginner
11.01,18.84,60.51,Beginner
22.79,59.91,39.57,Beginner
42.71,41.01,29.87,Beginner
81.8,50.93,86.69,Professional
86.07,-37.83,74.67,Amateur
0.7,92.72,85.78,Amateur
51.07,NA,49.5,Amateur
41.74,70.76,13.09,Amateur
22.21,73.45,69.62,Amateur
11.99,89.91,20.61,Beginner
33.76,31.64,44.12,Beginner
94.29,-19.96,6.5,Beginner
32.32,42.52,82.53,Amateur
51.88,61.43,12.59,Amateur
70.3,60.69,90.31,Professional
36.36,28.22,86.42,Amateur
97.18,NA,46.46,Amateur
96.24,5.67,74.44,Amateur
25.18,88.11,61.94,Amateur
49.72,37.67,80.31,Amateur
30.09,30.75,43.18,Beginner
28.48,-9.67,78.58,Beginner
3.69,5.27,46.25,Beginner
60.96,84.3,94.1,Professional
50.27,49.97,48.64,Amateur
5.15,68.11,46.26,Beginner
27.86,NA,78.51,Beginner
90.83,44.54,82.16,Professional
23.96,-12.74,55.45,Beginner
14.49,NA,17.98,Beginner
48.95,14.14,46.78,Beginner
98.57,16.38,96.81,Professional
24.21,NA,75.3,Beginner
67.21,90.44,81.12,Professional
76.16,-40.4,3.28,Beginner
23.76,73.71,46.79,Amateur
72.82,-6.14,64.66,Amateur
36.78,16.59,83.0,Amateur
63.23,-46.71,4.93,Beginner
63.35,-4.84,85.24,Amateur
53.58,25.39,54.84,Amateur
9.03,-41.57,19.73,Beginner
83.53,23.66,31.73,Amateur
32.08,89.07,28.19,Amateur
18.65,-34.19,53.09,Beginner
4.08,64.67,5.17,Beginner
59.09,11.45,15.85,Beginner
67.76,48.28,81.27,Amateur
1.66,-10.96,13.26,Beginner
51.21,-26.08,23.34,Beginner
22.65,-25.93,45.34,Beginner
64.52,-39.43,51.71,Beginner
17.44,-22.15,76.36,Beginner
69.09,49.63,44.73,Amateur
38.67,82.25,78.99,Amateur
93.67,72.12,61.83,Professional
13.75,52.77,11.31,Beginner
34.11,NA,15.63,Beginner
11.35,-6.62,43.7,Beginner
92.47,-3.53,39.69,Amateur
87.73,-12.51,74.35,Amateur
25.79,27.25,58.07,Beginner
66.0,30.33,38.81,Amateur
81.72,3.53,17.08,Beginner
55.52,3.07,22.68,Beginner
52.97,74.28,57.55,Amateur
24.19,68.39,42.34,Amateur
9.31,-3.83,51.49,Beginner
89.72,87.07,17.07,Amateur
90.04,92.92,66.29,Professional
63.31,-0.99,85.25,Amateur
33.9,3.16,25.79,Beginner
34.92,25.85,49.15,Beginner
72.6,91.17,97.55,Professional
89.71,81.45,33.32,Professional
88.71,-34.61,59.5,Amateur
77.99,8.91,9.02,Beginner
64.2,33.01,60.6,Amateur
8.41,25.47,8.96,Beginner
16.16,-20.92,95.92,Beginner
89.86,78.82,71.57,Professional
60.64,51.54,78.82,Amateur
0.92,75.69,70.41,Amateur
10.15,78.81,58.97,Amateur
66.35,62.25,44.99,Amateur
0.51,NA,85.84,Beginner
16.08,41.58,95.68,Amateur
54.87,-25.95,49.9,Beginner
69.19,51.05,93.15,Professional
65.2,-23.11,58.33,Beginner
22.43,54.09,53.84,Amateur
71.22,-15.56,45.45,Beginner
23.72,-32.37,20.93,Beginner
32.54,-25.21,0.37,Beginner
74.65,-49.7,24.15,Beginner
64.96,NA,50.97,Amateur
84.92,59.86,38.0,Amateur
65.76,27.24,44.85,Amateur
56.83,-25.8,98.06,Amateur
9.37,-37.47,35.03,Beginner
36.77,-47.13,45.22,Beginner
26.52,-25.14,13.35,Beginner
24.4,83.63,4.8,Beginner
97.3,NA,77.54,Professional
39.31,3.14,57.07,Beginner
89.2,-34.2,76.07,Amateur
63.11,-16.65,14.99,Beginner
79.48,27.88,57.18,Amateur
50.26,41.16,25.36,Amateur
57.69,-13.2,22.81,Beginner
49.25,-41.34,1.15,Beginner
19.52,8.65,13.03,Beginner
72.25,-14.87,30.93,Beginner
28.08,-17.07,11.69,Beginner
2.43,NA,98.59,Beginner
64.55,42.45,30.86,Amateur
17.71,33.53,13.03,Beginner
94.05,12.37,19.91,Amateur
95.39,14.34,58.77,Amateur
91.49,31.14,6.4,Amateur
37.02,54.46,86.24,Amateur
1.55,55.32,96.15,Amateur
92.83,-24.25,24.67,Beginner
42.82,25.02,45.01,Beginner
96.67,11.79,2.21,Amateur
96.36,80.58,64.07,Professional
85.3,44.71,41.39,Amateur
29.44,29.88,27.01,Beginner
38.51,NA,20.68,Beginner
85.11,40.85,65.4,Amateur
31.69,-32.42,41.62,Beginner
16.95,0.58,17.97,Beginner
55.68,-28.57,68.91,Beginner
93.62,53.81,56.51,Professional
69.6,-19.06,85.87,Amateur
57.01,8.78,11.75,Beginner
9.72,84.35,78.57,Amateur
61.5,-19.35,67.35,Beginner
99.01,26.17,11.5,Amateur
14.01,12.89,69.48,Beginner
51.83,-47.28,44.15,Beginner
87.74,68.91,94.5,Professional
74.08,-39.64,14.16,Beginner
69.7,21.14,64.28,Amateur
70.25,34.1,38.2,Amateur
35.95,44.26,95.68,Amateur
29.36,53.29,33.0,Beginner
80.94,-12.01,96.22,Amateur
81.01,-48.5,90.15,Amateur
86.71,58.52,27.04,Amateur
91.32,30.35,80.35,Amateur
51.13,75.42,99.56,Professional
50.15,NA,25.27,Beginner
79.83,76.5,43.68,Amateur
65.0,22.76,52.02,Amateur
70.2,0.04,29.49,Beginner
79.58,68.73,1.53,Amateur
89.0,17.69,22.01,Amateur
33.8,NA,28.19,Beginner
37.56,NA,44.36,Beginner
9.4,82.38,17.11,Beginner
57.83,19.95,87.33,Amateur
3.59,-38.65,70.49,Beginner
46.56,8.17,8.52,Beginner
54.26,70.53,65.01,Amateur
28.65,85.27,65.37,Amateur
59.08,-19.48,95.62,Amateur
3.05,-39.95,0.3,Beginner
3.73,81.6,24.79,Beginner
82.26,8.41,92.78,Amateur
36.02,31.26,93.21,Amateur
12.71,95.21,72.06,Amateur
52.22,-40.02,76.58,Beginner
77.0,47.25,9.15,Amateur
21.58,-38.88,51.39,Beginner
62.29,6.32,23.16,Beginner
8.53,70.57,18.12,Beginner
5.17,15.02,81.03,Beginner
53.14,99.58,13.5,Amateur
54.06,33.86,46.87,Amateur
63.74,NA,93.86,Amateur
72.61,NA,18.58,Beginner
97.59,2.58,97.8,Amateur
51.63,5.88,99.43,Amateur
32.3,-39.69,55.56,Beginner
79.52,5.44,17.01,Beginner
27.08,19.64,31.61,Beginner
43.9,58.41,42.45,Amateur
7.85,48.51,30.93,Beginner
2.54,56.31,28.06,Beginner
96.26,-48.75,97.22,Amateur
83.6,-17.35,15.34,Beginner
69.6,49.25,73.33,Amateur
40.9,22.6,0.04,Beginner
17.33,-49.2,59.62,Beginner
15.64,NA,91.59,Beginner
25.02,65.92,28.79,Beginner
54.92,32.26,18.55,Beginner
71.46,NA,65.17,Professional
66.02,64.98,71.26,Amateur
27.99,37.56,68.8,Amateur
95.49,67.29,31.93,Amateur
73.79,62.76,25.22,Amateur
55.44,70.45,95.59,Professional
61.17,NA,92.33,Amateur
41.96,-28.95,45.73,Beginner
24.77,50.67,84.62,Amateur
35.6,43.07,45.23,Amateur
75.78,61.34,42.44,Amateur
1.44,-24.52,15.68,Beginner
11.61,-20.75,42.64,Beginner
4.6,83.56,53.74,Amateur
4.07,62.5,2.25,Beginner
85.55,86.23,44.41,Professional
70.37,63.81,78.14,Professional
47.42,39.57,68.0,Amateur
9.78,48.12,63.52,Beginner
49.16,NA,90.96,Amateur
47.35,36.82,1.8,Beginner
17.32,44.86,55.7,Beginner
43.39,-26.53,78.73,Beginner
39.85,21.09,54.13,Beginner
61.59,57.46,32.39,Amateur
63.51,NA,13.63,Beginner
4.53,-19.66,88.76,Beginner
37.46,-2.93,47.08,Beginner
62.59,-13.77,87.81,Amateur
50.31,-17.76,58.59,Beginner
85.65,13.73,67.42,Amateur
65.87,86.18,80.43,Professional
16.29,26.06,65.92,Beginner
7.06,-21.81,39.81,Beginner
64.24,-38.45,51.36,Beginner
2.65,54.42,80.3,Amateur
58.58,7.42,37.37,Beginner
94.02,73.27,38.81,Professional
57.55,NA,9.57,Beginner
38.82,69.44,91.46,Amateur
64.33,-9.21,9.1,Beginner
45.83,53.85,64.82,Amateur
54.56,-10.39,41.32,Beginner
94.15,90.86,40.56,Professional
38.61,NA,67.96,Beginner
96.12,-1.32,6.71,Amateur
90.54,-9.57,59.37,Amateur
19.58,-21.36,77.2,Beginner
6.94,54.2,82.82,Amateur
10.08,-17.19,17.05,Beginner
1.82,39.3,89.74,Beginner
9.44,-10.3,65.61,Beginner
68.3,49.3,88.19,Amateur
7.12,72.24,48.53,Beginner
31.9,66.7,54.2,Amateur
84.49,64.13,91.9,Professional
2.33,-21.84,89.99,Beginner
81.45,-36.74,44.82,Beginner
28.19,54.84,27.44,Beginner
11.82,5.25,39.32,Beginner
69.67,14.85,38.78,Amateur
62.89,-45.33,28.69,Beginner
87.75,-11.06,26.86,Beginner
73.51,-44.95,86.11,Amateur
80.35,81.88,6.99,Amateur
28.2,-13.49,67.76,Beginner
17.74,33.6,17.28,Beginner
75.06,-44.15,34.45,Beginner
80.68,50.03,6.15,Amateur
99.05,-1.55,27.0,Amateur
41.26,84.69,76.84,Amateur
37.2,83.22,88.5,Amateur
77.64,-1.21,22.15,Beginner
34.08,85.14,46.35,Amateur
93.08,99.42,47.03,Professional
85.84,73.81,87.36,Professional
42.9,76.73,76.28,Amateur
75.09,-12.65,51.31,Amateur
75.45,36.51,67.07,Amateur
10.31,-39.91,84.74,Beginner
90.26,-35.76,0.95,Beginner
50.53,99.83,40.29,Amateur
82.65,NA,90.72,Professional
32.0,62.23,74.03,Amateur
89.55,71.0,54.28,Professional
38.92,78.7,52.96,Amateur
1.08,99.64,34.78,Amateur
90.54,NA,52.05,Amateur
9.13,-43.95,65.54,Beginner
31.93,11.68,41.84,Beginner
95.01,-30.49,71.42,Amateur
95.06,-46.64,86.12,Amateur
57.34,4.06,15.47,Beginner
63.18,67.56,45.15,Amateur
44.84,34.93,40.8,Amateur
29.32,-3.08,68.75,Beginner
32.87,48.15,24.99,Beginner
67.25,-15.2,64.03,Amateur
75.24,-47.84,87.75,Amateur
79.16,64.65,41.81,Amateur
78.96,43.56,91.1,Professional
9.12,NA,99.32,Beginner
49.44,NA,10.61,Beginner
5.76,75.57,23.31,Beginner
54.95,42.93,95.04,Amateur
44.15,34.51,95.83,Amateur
88.77,43.69,9.77,Amateur
35.09,79.66,1.5,Beginner
11.71,NA,16.11,Beginner
14.3,37.14,99.6,Amateur
76.15,98.6,18.0,Amateur
61.82,63.51,50.25,Amateur
10.11,16.34,84.84,Beginner
8.41,56.11,2.04,Beginner
70.1,8.38,60.45,Amateur
7.28,-15.67,27.7,Beginner
82.19,39.53,86.23,Professional
70.62,89.23,28.35,Amateur
8.13,89.37,68.68,Amateur
8.48,1.29,67.42,Beginner
98.66,29.15,22.15,Amateur
37.43,-18.25,3.48,Beginner
37.06,99.34,40.92,Amateur
81.28,97.17,28.92,Professional
94.72,47.43,80.9,Professional
98.6,70.66,80.04,Professional
75.34,57.27,45.7,Amateur
37.63,38.97,60.65,Amateur
8.35,-42.0,60.43,Beginner
77.71,18.21,82.72,Amateur
55.84,51.22,42.5,Amateur
42.42,51.63,27.54,Amateur
90.64,5.97,26.5,Amateur
11.12,91.25,53.62,Amateur
49.26,-24.9,44.91,Beginner
1.14,25.05,44.01,Beginner
46.87,53.63,9.11,Beginner
5.63,54.57,71.86,Amateur
11.88,NA,21.37,Beginner
11.75,-8.71,19.7,Beginner
64.92,NA,41.28,Amateur
74.6,45.39,22.78,Amateur
58.34,39.9,58.39,Amateur
96.22,-23.1,37.15,Amateur
37.49,55.77,44.89,Amateur
28.57,18.28,53.72,Beginner
86.86,50.16,20.35,Amateur
22.36,75.61,15.58,Beginner
96.32,-24.54,88.04,Amateur
1.22,-47.13,43.37,Beginner
96.99,66.87,41.21,Professional
4.32,41.45,3.56,Beginner
89.11,54.95,49.8,Amateur
52.77,75.72,55.42,Amateur
99.3,70.42,55.88,Professional
7.38,94.14,70.7,Amateur
55.39,30.39,17.75,Beginner
96.93,23.27,25.22,Amateur
52.31,10.28,81.07,Amateur
62.94,-26.95,94.72,Amateur
69.57,35.89,13.59,Amateur
45.45,-8.45,49.76,Beginner
62.76,88.2,21.42,Amateur
58.43,37.48,6.01,Beginner
90.12,38.93,32.55,Amateur
4.54,3.24,14.37,Beginner
28.1,-42.2,70.99,Beginner
95.04,-45.24,53.37,Amateur
89.03,13.5,14.38,Amateur
45.57,NA,0.92,Beginner
62.01,41.03,80.82,Amateur
27.74,82.15,17.62,Amateur
18.81,82.44,60.62,Amateur
46.37,48.86,33.69,Amateur
35.34,-18.32,58.55,Beginner
58.37,79.45,31.57,Amateur
7.77,82.91,8.69,Beginner
97.44,-20.5,22.3,Beginner
98.62,60.61,18.81,Amateur
69.82,-7.02,42.8,Beginner
53.61,70.4,65.83,Amateur
30.95,99.59,26.38,Amateur
81.38,-45.5,1.21,Beginner
68.47,NA,51.89,Amateur
16.26,43.39,60.58,Beginner
91.09,NA,96.29,Professional
82.25,19.75,58.95,Amateur
94.98,77.11,47.12,Professional
72.57,-40.64,57.34,Beginner
61.34,0.29,92.79,Amateur
41.82,-39.95,82.84,Beginner
93.27,96.3,32.3,Professional
86.61,72.55,23.73,Amateur
4.52,77.88,26.26,Beginner
2.64,90.69,50.44,Amateur
37.65,-37.23,74.4,Beginner
81.06,7.84,50.32,Amateur
98.73,-39.34,6.78,Beginner
15.04,-18.38,72.36,Beginner
59.41,-15.6,80.6,Amateur
38.09,20.37,28.95,Beginner
96.99,NA,66.41,Professional
84.21,-34.85,42.66,Beginner
83.83,-24.88,88.91,Amateur
46.87,NA,84.52,Amateur
41.48,95.96,52.54,Amateur
27.34,63.89,69.15,Amateur
5.64,95.16,88.33,Amateur
86.47,15.96,49.57,Amateur
81.29,-8.24,31.33,Beginner
99.97,69.74,75.37,Professional
99.66,-1.06,22.01,Amateur
55.54,NA,38.85,Amateur
76.9,NA,86.57,Professional
94.48,-30.55,72.44,Amateur
84.96,-11.53,40.38,Amateur
24.73,3.3,21.47,Beginner
45.05,51.1,35.6,Amateur
12.92,-40.62,28.41,Beginner
95.41,-18.42,17.61,Beginner
60.62,71.35,74.33,Amateur
22.86,-27.96,25.21,Beginner
67.17,1.4,45.42,Amateur
61.81,79.7,38.59,Amateur
35.82,-26.76,98.21,Beginner
11.36,-37.59,39.11,Beginner
67.16,NA,8.0,Beginner
52.03,-4.64,8.98,Beginner
77.23,34.51,59.08,Amateur
52.02,70.57,59.94,Amateur
85.22,-29.43,41.88,Beginner
55.19,37.1,43.18,Amateur
56.09,NA,5.39,Beginner
87.67,NA,51.65,Amateur
40.35,43.6,50.47,Amateur
13.4,-8.95,14.95,Beginner
2.88,23.18,10.38,Beginner
75.51,NA,12.36,Beginner
62.03,18.94,10.1,Beginner
70.41,-4.03,60.97,Amateur
21.3,73.36,19.65,Beginner
13.64,-41.45,25.14,Beginner
1.45,12.79,17.36,Beginner
35.06,18.76,95.78,Amateur
58.99,58.75,85.46,Amateur
39.22,36.14,23.05,Beginner
43.75,50.08,32.76,Amateur
90.42,66.56,20.99,Amateur
34.83,NA,49.19,Beginner
51.4,-2.92,1.96,Beginner
78.37,NA,67.14,Professional
39.65,76.02,52.32,Amateur
62.21,NA,89.86,Amateur
86.24,83.43,16.44,Amateur
94.95,5.72,80.41,Amateur
14.71,-20.73,79.2,Beginner
92.66,23.41,12.72,Amateur
49.21,61.25,39.86,Amateur
25.82,23.89,17.02,Beginner
45.91,22.48,25.47,Beginner
98.0,75.73,26.32,Amateur
49.26,4.21,55.62,Beginner
32.88,78.97,41.14,Amateur
63.34,11.02,94.77,Amateur
24.01,-0.77,12.64,Beginner
7.59,18.1,97.37,Beginner
12.89,64.37,23.06,Beginner
12.8,-31.1,77.29,Beginner
15.19,-20.54,33.9,Beginner
13.88,92.72,14.31,Beginner
64.09,-23.68,85.79,Amateur
18.19,NA,30.89,Beginner
34.57,36.9,65.89,Amateur
89.68,23.44,56.64,Amateur
47.4,46.71,47.18,Amateur
66.76,-15.53,49.58,Beginner
17.23,32.9,73.22,Beginner
19.23,5.83,8.78,Beginner
4.09,49.25,66.82,Beginner
16.89,-28.82,89.58,Beginner
27.86,35.63,5.78,Beginner
17.7,-22.21,14.07,Beginner
8.87,-8.2,71.66,Beginner
12.06,-17.19,43.73,Beginner
46.08,-22.57,40.35,Beginner
20.63,73.86,13.7,Beginner
36.43,-7.14,50.68,Beginner
50.34,89.07,12.65,Amateur
69.04,95.49,47.66,Professional
3.93,NA,76.36,Beginner
79.94,-28.55,25.83,Beginner
62.79,6.18,48.08,Amateur
8.18,69.66,99.2,Amateur
87.36,5.11,68.67,Amateur
92.09,-36.95,84.14,Amateur
6.11,33.52,41.48,Beginner
27.69,76.77,76.79,Amateur
80.62,69.39,4.05,Amateur
74.83,-23.73,12.29,Beginner
18.45,50.91,20.31,Beginner
20.93,-16.92,40.2,Beginner
37.05,-17.27,84.57,Beginner
48.45,81.11,34.63,Amateur
61.83,NA,65.46,Amateur
36.89,-10.51,70.93,Beginner
46.25,-49.9,58.62,Beginner
74.75,80.6,35.72,Amateur
3.67,68.89,57.71,Beginner
25.24,44.1,34.23,Beginner
71.33,62.54,8.39,Amateur
89.52,-27.19,99.28,Amateur
51.17,18.75,12.72,Beginner
53.21,2.68,7.23,Beginner
10.72,-35.93,87.85,Beginner
44.74,22.92,30.18,Beginner
53.26,88.11,65.03,Amateur
24.25,-43.99,32.9,Beginner
26.92,-6.28,39.15,Beginner
37.73,-18.87,26.21,Beginner
2.01,-14.28,34.3,Beginner
32.21,86.27,41.07,Amateur
21.14,20.21,72.04,Beginner
32.75,19.94,51.15,Beginner
11.98,64.09,94.36,Amateur
89.05,-26.83,4.19,Beginner
59.36,23.09,50.31,Amateur
67.91,14.5,58.42,Amateur
78.92,39.54,92.02,Professional
49.84,NA,4.92,Beginner
8.69,65.42,57.35,Amateur
53.71,9.68,85.36,Amateur
58.68,74.13,24.19,Amateur
74.54,-24.39,87.63,Amateur
43.17,-45.43,1.9,Beginner
12.76,-19.33,73.25,Beginner
28.38,1.06,93.31,Beginner
36.31,26.59,65.72,Amateur
64.59,42.27,43.9,Amateur
57.08,NA,4.49,Beginner
35.61,26.48,92.01,Amateur
98.65,25.19,47.03,Amateur
60.58,-42.46,2.9,Beginner
23.72,-44.76,68.98,Beginner
10.18,32.67,48.18,Beginner
15.29,15.73,12.43,Beginner
24.6,NA,21.43,Beginner
16.07,-25.9,6.45,Beginner
18.66,NA,57.43,Beginner
28.51,17.36,62.2,Beginner
17.34,NA,50.57,Beginner
89.68,-42.56,81.71,Amateur
8.02,58.69,86.1,Amateur
52.45,-33.26,61.56,Beginner
41.04,41.25,1.28,Beginner
98.24,-7.84,69.52,Amateur
11.2,-23.98,41.8,Beginner
39.79,6.96,56.56,Beginner
96.95,70.22,64.91,Professional
86.55,8.81,35.02,Amateur
81.71,62.62,91.71,Professional
25.79,-31.18,13.4,Beginner
17.09,NA,67.15,Beginner
66.86,-14.46,0.44,Beginner
92.94,51.61,92.47,Professional
55.68,34.87,11.25,Beginner
57.16,89.37,9.49,Amateur
28.0,8.1,33.3,Beginner
76.95,-40.08,37.36,Beginner
18.7,-47.13,21.43,Beginner
32.37,74.03,58.51,Amateur
42.54,NA,44.29,Amateur
50.76,NA,3.42,Beginner
24.24,-14.84,31.97,Beginner
11.48,1.76,81.04,Beginner
61.06,-45.48,68.97,Beginner
28.86,94.22,72.49,Amateur
58.12,50.18,69.81,Amateur
15.44,89.98,31.1,Amateur
48.11,-10.18,9.97,Beginner
53.26,41.72,27.25,Amateur
5.18,51.77,83.18,Amateur
33.66,-2.37,98.05,Amateur
13.44,77.22,49.38,Amateur
6.34,92.07,0.97,Beginner
99.0,82.73,14.0,Amateur
32.24,60.86,32.21,Amateur
80.99,-8.38,57.86,Amateur
25.46,-7.76,7.51,Beginner
68.15,94.5,94.34,Professional
76.02,-48.46,36.51,Beginner
59.56,57.41,91.26,Amateur
47.16,55.94,78.05,Amateur
41.18,43.4,75.54,Amateur
34.89,98.52,60.67,Amateur
92.95,-3.22,62.68,Amateur
83.06,1.0,63.8,Amateur
96.5,-38.16,62.87,Amateur
12.43,16.42,55.37,Beginner
73.09,-10.84,98.64,Amateur
93.83,1.51,73.23,Amateur
18.12,75.19,77.69,Amateur
6.65,NA,87.25,Beginner
74.11,-22.14,21.56,Beginner
57.45,NA,8.38,Beginner
84.18,89.29,48.29,Professional
13.98,-40.73,51.41,Beginner
79.53,-36.15,82.92,Amateur
20.16,-25.58,44.38,Beginner
16.37,39.28,57.09,Beginner
16.43,-27.43,52.71,Beginner
81.46,95.21,3.82,Amateur
66.52,17.01,61.52,Amateur
52.31,25.23,82.8,Amateur
35.88,-13.0,15.75,Beginner
87.72,20.64,59.43,Amateur
39.24,49.29,59.36,Amateur
81.66,62.68,16.42,Amateur
43.91,63.08,12.35,Amateur
37.69,36.68,98.01,Amateur
46.27,85.65,39.37,Amateur
30.14,NA,22.74,Beginner
74.76,63.56,17.13,Amateur
50.27,-41.66,66.76,Beginner
23.22,-48.97,60.94,Beginner
89.96,-18.13,64.36,Amateur
38.39,49.53,8.8,Beginner
54.36,NA,89.35,Amateur
90.65,10.36,38.93,Amateur
62.42,82.69,31.34,Amateur
11.69,84.33,46.24,Amateur
93.98,86.38,39.01,Professional
62.77,-2.92,86.36,Amateur
33.49,53.66,92.93,Amateur
13.93,-9.26,30.35,Beginner
79.4,-21.41,86.39,Amateur
62.01,NA,78.15,Amateur
53.35,1.32,93.08,Amateur
89.39,14.49,24.58,Amateur
78.86,NA,57.7,Amateur
15.17,-32.02,27.45,Beginner
31.17,60.24,82.41,Amateur
24.85,29.72,0.53,Beginner
74.39,-6.81,56.48,Amateur
3.35,23.92,33.92,Beginner
56.99,-5.01,32.27,Beginner
76.25,39.41,64.49,Amateur
87.68,15.08,85.15,Amateur
34.21,-25.34,60.92,Beginner
82.13,-32.51,85.32,Amateur
11.06,32.0,26.46,Beginner
84.65,85.36,51.95,Professional
12.75,1.59,45.05,Beginner
39.73,59.95,1.16,Beginner
79.73,48.8,55.68,Amateur
14.99,89.73,66.15,Amateur
22.93,73.15,59.19,Amateur
72.23,34.99,73.63,Amateur
72.0,48.55,57.13,Amateur
64.11,84.76,6.68,Amateur
69.39,9.93,11.64,Beginner
54.27,-0.98,59.65,Beginner
25.18,-48.38,27.5,Beginner
34.57,73.98,7.96,Beginner
18.16,70.15,42.96,Amateur
90.85,-34.33,55.43,Amateur
58.34,36.53,32.87,Amateur
40.09,19.6,72.04,Amateur
46.2,-32.19,64.38,Beginner
94.73,97.09,33.28,Professional
15.34,-17.8,75.49,Beginner
58.62,-39.91,64.87,Beginner
50.59,39.23,63.74,Amateur
61.15,60.83,55.34,Amateur
1.81,-45.13,1.14,Beginner
87.21,48.81,69.65,Professional
93.21,29.84,37.6,Amateur
56.51,-34.51,94.26,Amateur
69.67,-24.12,81.8,Amateur
92.25,35.2,58.77,Amateur
70.72,-5.55,25.22,Beginner
15.25,90.75,20.37,Beginner
57.63,72.81,34.04,Amateur
60.67,97.54,47.66,Amateur
42.41,-11.05,29.61,Beginner
73.64,95.46,51.49,Professional
93.44,14.69,16.54,Amateur
92.56,2.13,97.77,Amateur
45.08,-42.45,10.79,Beginner
11.32,-42.09,93.19,Beginner
98.48,53.8,91.36,Professional
83.89,18.69,52.54,Amateur
12.47,-16.02,72.49,Beginner
92.08,42.1,43.6,Amateur
86.99,-12.07,63.0,Amateur
51.88,36.64,34.06,Amateur
59.13,NA,30.12,Amateur
39.9,73.53,57.82,Amateur
5.48,73.1,49.81,Beginner
33.52,21.6,57.95,Beginner
80.29,2.62,28.67,Amateur
0.46,NA,36.7,Beginner
33.35,70.86,8.39,Beginner
39.82,-0.77,5.23,Beginner
53.74,-18.64,25.35,Beginner
91.99,-37.3,7.42,Beginner
34.63,20.0,10.38,Beginner
34.7,22.32,81.29,Amateur
73.75,76.14,3.89,Amateur
45.22,-16.81,65.89,Beginner
22.46,7.15,27.26,Beginner
45.24,71.26,87.15,Amateur
14.09,73.54,48.5,Amateur
17.64,7.69,30.56,Beginner
49.84,18.87,51.76,Amateur
41.89,-4.51,38.2,Beginner
91.48,89.88,56.43,Professional
36.24,-32.2,11.45,Beginner
58.06,90.06,99.7,Professional
63.23,52.58,42.56,Amateur
1.31,29.74,34.82,Beginner
66.35,-45.1,71.02,Beginner
17.8,21.34,36.39,Beginner
96.11,11.16,83.33,Amateur
14.87,-25.82,45.43,Beginner
41.46,48.46,71.96,Amateur
8.53,95.67,10.75,Beginner
99.69,34.33,84.61,Professional
50.22,57.21,73.57,Amateur
59.54,-39.73,21.17,Beginner
6.71,12.65,14.53,Beginner
75.0,-32.55,31.63,Beginner
20.99,41.92,97.61,Amateur
89.81,90.77,25.68,Professional
20.51,NA,45.61,Beginner
19.07,NA,3.0,Beginner
3.65,3.2,39.72,Beginner
47.21,32.6,57.13,Amateur
56.48,10.48,95.31,Amateur
6.57,75.05,51.67,Amateur
77.55,72.2,81.91,Professional
45.33,41.77,54.71,Amateur
52.44,6.02,4.08,Beginner
44.08,-11.7,31.5,Beginner
40.08,-34.12,57.55,Beginner
55.96,3.23,95.06,Amateur
15.52,11.98,85.91,Beginner
18.19,51.37,22.84,Beginner
86.18,48.72,22.01,Amateur
94.61,-39.48,20.12,Beginner
37.33,9.29,92.25,Amateur
27.07,-22.73,85.27,Beginner
64.4,-26.48,77.49,Amateur
40.87,74.1,39.27,Amateur
2.54,-43.71,50.44,Beginner
15.62,12.88,46.43,Beginner
71.6,-24.77,25.34,Beginner
65.89,81.9,50.5,Amateur
2.71,33.56,3.05,Beginner
22.2,-15.29,13.18,Beginner
23.11,25.36,88.66,Amateur
67.19,59.72,75.17,Amateur
1.97,NA,42.29,Beginner
10.41,-16.93,51.72,Beginner
79.99,NA,37.0,Amateur
17.85,90.15,74.08,Amateur
65.27,87.46,78.42,Professional
23.82,45.31,76.33,Amateur
9.94,44.47,72.26,Beginner
24.32,10.48,20.45,Beginner
72.23,62.86,33.8,Amateur
85.57,29.69,46.98,Amateur
83.02,51.62,33.08,Amateur
39.72,14.27,75.49,Amateur
66.81,NA,32.94,Amateur
20.5,73.67,13.82,Beginner
29.31,-28.03,39.9,Beginner
89.63,74.94,97.99,Professional
1.3,31.04,22.59,Beginner
8.55,76.7,61.22,Amateur
20.79,14.7,43.3,Beginner
2.65,6.86,7.1,Beginner
18.14,87.26,48.79,Amateur
58.3,NA,70.22,Amateur
42.14,76.63,51.32,Amateur
89.27,NA,87.21,Professional
81.74,27.11,28.89,Amateur
34.18,-3.73,8.62,Beginner
25.94,35.96,93.66,Amateur
37.97,-1.22,37.82,Beginner
59.03,-44.11,57.64,Beginner
26.81,-9.2,79.2,Beginner
62.41,-49.04,32.43,Beginner
40.94,96.75,71.62,Amateur
55.2,94.86,13.54,Amateur
43.61,9.27,29.13,Beginner
29.45,59.26,14.47,Beginner
94.85,1.87,81.12,Amateur
76.36,50.66,22.26,Amateur
14.01,NA,71.74,Beginner
86.85,92.01,94.33,Professional
48.74,10.03,52.78,Beginner
89.46,67.49,54.0,Professional
79.99,-10.11,46.1,Amateur
42.52,98.55,32.59,Amateur
2.25,-46.13,47.57,Beginner
26.87,NA,60.28,Beginner
54.16,48.93,98.6,Amateur
63.35,53.21,93.78,Amateur
25.79,-31.94,86.22,Beginner
13.94,90.78,88.91,Amateur
83.49,NA,46.78,Amateur
98.44,43.41,65.74,Professional
52.57,-16.6,89.51,Amateur
17.17,-3.92,39.3,Beginner
27.23,NA,96.18,Beginner
1.84,NA,41.58,Beginner
91.43,-25.97,60.11,Amateur
11.78,-24.36,70.98,Beginner
57.65,12.72,95.06,Amateur
27.41,63.59,24.46,Beginner
55.42,84.69,74.61,Amateur
65.14,-37.38,52.08,Beginner
82.97,8.97,26.86,Amateur
20.64,-34.96,77.66,Beginner
1.1,NA,55.22,Beginner
13.69,49.26,66.1,Amateur
90.0,40.37,32.29,Amateur
87.39,-25.55,48.13,Amateur
59.74,-14.93,61.74,Beginner
60.05,-46.44,40.49,Beginner
66.5,NA,19.84,Beginner
17.54,96.2,96.16,Amateur
91.44,-29.68,51.15,Amateur
41.88,-15.28,73.39,Beginner
38.31,80.26,41.1,Amateur
51.89,88.97,35.51,Amateur
4.7,12.94,40.72,Beginner
16.63,-42.41,40.92,Beginner
73.8,-44.09,54.42,Beginner
8.28,36.09,54.35,Beginner
60.32,8.93,49.72,Amateur
24.53,NA,13.48,Beginner
38.93,37.49,49.61,Amateur
28.87,-48.3,16.91,Beginner
35.57,68.11,12.61,Beginner
71.9,-4.04,93.26,Amateur
29.71,-43.96,60.5,Beginner
56.64,38.25,65.95,Amateur
47.61,NA,40.18,Amateur
66.37,96.07,90.9,Professional
93.68,31.63,63.79,Amateur
73.26,-8.71,76.92,Amateur
21.49,56.42,36.86,Beginner
3.12,-9.28,96.0,Beginner
26.23,85.64,82.05,Amateur
59.51,6.21,85.39,Amateur
5.14,32.48,17.22,Beginner
49.64,-42.41,27.1,Beginner
59.68,13.92,28.56,Beginner
33.42,74.85,27.09,Amateur
77.09,70.85,85.54,Professional
10.66,-16.35,3.19,Beginner
7.51,-16.09,7.61,Beginner
72.82,72.6,27.39,Amateur
49.55,89.56,19.99,Amateur
68.84,-35.7,23.19,Beginner
43.48,17.51,79.79,Amateur
24.64,0.62,56.31,Beginner
81.91,80.6,0.58,Amateur
79.94,-37.47,42.93,Beginner
69.47,-18.33,40.79,Beginner
27.21,62.87,11.39,Beginner
59.02,-42.31,67.61,Beginner
36.1,23.88,70.21,Amateur
9.16,16.32,72.09,Beginner
91.73,NA,72.85,Professional
13.68,9.19,0.01,Beginner
95.02,29.49,95.39,Professional
44.6,-25.79,81.42,Beginner
18.51,35.8,90.4,Amateur
54.19,70.81,1.56,Amateur
87.29,64.02,93.39,Professional
73.22,NA,80.98,Professional
80.66,-27.61,83.72,Amateur
65.88,NA,9.33,Beginner
69.23,NA,73.88,Amateur
84.92,11.27,95.99,Amateur
24.97,51.95,67.85,Amateur
48.94,-41.5,57.06,Beginner
22.12,-44.8,94.56,Beginner
98.77,8.79,44.29,Amateur
94.41,54.57,59.93,Professional
3.94,-20.98,47.63,Beginner
70.56,46.23,93.28,Professional
92.52,NA,7.61,Beginner
18.06,NA,50.11,Beginner
56.79,84.35,68.7,Amateur
91.55,-5.41,79.19,Amateur
3.39,-15.5,58.3,Beginner
69.74,11.7,90.89,Amateur
29.73,-13.92,94.2,Beginner
92.44,50.86,6.43,Amateur
97.11,73.91,40.24,Professional
94.43,50.96,2.35,Amateur
47.42,73.65,32.94,Amateur
86.2,9.55,53.69,Amateur
84.45,-26.55,91.08,Amateur
31.91,60.69,84.66,Amateur
82.89,4.07,12.75,Beginner
3.7,50.69,9.3,Beginner
59.63,-9.4,58.93,Beginner
23.0,-37.82,53.21,Beginner
12.06,98.89,26.64,Amateur
7.7,-26.57,89.95,Beginner
69.63,98.26,92.74,Professional
33.99,96.59,40.26,Amateur
72.48,69.07,89.03,Professional
6.54,48.91,38.39,Beginner
31.53,36.67,73.68,Amateur
53.95,79.92,47.59,Amateur
79.07,-6.58,12.26,Beginner
31.88,20.15,92.79,Amateur
62.59,42.91,45.41,Amateur
88.6,11.68,73.45,Amateur
61.59,14.12,36.72,Beginner
23.3,-0.46,1.89,Beginner
2.44,34.63,10.05,Beginner
87.01,77.59,49.62,Professional
2.13,-19.77,69.0,Beginner
87.47,90.16,33.47,Professional
52.89,53.36,69.55,Amateur
93.91,NA,69.86,Professional
79.88,33.43,70.39,Amateur
99.79,66.93,49.25,Professional
35.07,-47.57,91.49,Beginner
76.72,72.76,48.92,Amateur
40.19,-43.98,45.03,Beginner
47.99,83.49,19.94,Amateur
62.75,98.79,30.77,Amateur
87.37,NA,4.23,Beginner
98.41,-18.45,63.35,Amateur
76.83,64.8,24.85,Amateur
41.78,-12.05,30.42,Beginner
42.14,79.83,77.08,Amateur
73.76,-34.57,32.72,Beginner
23.88,-31.11,24.22,Beginner
11.05,96.87,16.91,Beginner
35.46,51.08,77.49,Amateur
28.72,77.03,12.97,Beginner
29.63,-1.35,45.38,Beginner
23.36,51.47,50.69,Beginner
4.21,39.14,68.74,Beginner
1.79,NA,63.33,Beginner
98.77,52.38,81.07,Professional
42.78,36.3,4.48,Beginner
38.43,14.36,29.64,Beginner
67.96,-8.61,28.01,Beginner
21.83,65.29,14.6,Beginner
95.0,-16.06,28.92,Amateur
78.63,53.85,30.98,Amateur
8.94,-15.0,52.19,Beginner
41.76,43.8,66.37,Amateur
87.91,62.06,38.11,Amateur
94.47,-17.19,71.95,Amateur
46.74,NA,33.62,Amateur
61.34,-30.35,29.03,Beginner
16.7,40.9,54.12,Beginner
99.12,77.42,2.37,Amateur
23.17,-43.25,7.98,Beginner
94.27,60.12,41.8,Amateur
64.96,1.2,94.29,Amateur
60.77,21.78,72.15,Amateur
51.27,89.33,8.81,Amateur
23.07,-0.2,84.63,Beginner
17.65,NA,73.23,Beginner
22.05,-47.95,61.09,Beginner
18.64,-37.76,82.03,Beginner
77.96,-11.21,40.41,Beginner
35.01,-45.82,22.15,Beginner
5.78,44.71,51.2,Beginner
96.91,13.96,54.88,Amateur
88.38,32.22,53.83,Amateur
92.78,-23.8,56.51,Amateur
99.49,-5.61,94.87,Amateur
17.39,49.57,90.22,Amateur
39.62,94.8,87.57,Professional
75.82,-42.44,80.14,Amateur
69.6,83.56,94.34,Professional
15.39,36.53,9.85,Beginner
81.58,34.59,26.51,Amateur
22.44,25.04,49.51,Beginner
22.38,-39.59,84.65,Beginner
53.7,-36.52,50.52,Beginner
59.29,40.14,74.8,Amateur
58.01,1.14,13.9,Beginner
9.15,87.59,25.24,Beginner
87.75,10.99,73.18,Amateur
26.56,-28.51,16.47,Beginner
12.95,57.21,35.14,Beginner
88.87,NA,26.49,Beginner
95.57,NA,34.99,Amateur
86.21,54.67,70.83,Professional
80.95,85.04,36.78,Amateur
65.52,68.83,55.53,Amateur
55.09,51.45,9.99,Amateur
8.7,51.94,80.5,Amateur
40.85,91.89,36.99,Amateur
37.27,-5.63,64.85,Beginner
25.98,-49.83,72.54,Beginner
72.34,NA,20.97,Beginner
49.59,-17.32,88.47,Amateur
8.1,49.28,61.62,Beginner
22.02,45.06,42.87,Beginner
68.33,39.02,18.23,Amateur
7.61,-47.56,94.23,Beginner
85.12,59.32,75.51,Professional
49.51,-1.47,20.8,Beginner
48.06,49.76,33.77,Amateur
59.24,NA,80.97,Amateur
82.47,1.41,69.57,Amateur
34.78,-29.81,76.58,Beginner
67.8,-35.84,44.12,Beginner
56.57,74.73,71.65,Amateur
26.7,87.76,38.65,Amateur
87.86,NA,21.13,Beginner
79.74,-34.48,63.27,Amateur
65.85,10.3,97.6,Amateur
85.06,59.34,31.06,Amateur
86.73,66.97,46.1,Amateur
70.84,-32.27,67.4,Beginner
83.7,-50.0,54.15,Beginner
69.75,56.82,84.34,Professional
68.01,3.49,76.17,Amateur
61.86,-11.83,5.83,Beginner
75.27,-48.07,99.84,Amateur
15.86,31.04,75.24,Beginner
88.09,NA,86.39,Professional
87.18,93.64,65.12,Professional
2.92,34.86,85.63,Beginner
82.58,27.17,11.24,Amateur
12.89,-37.24,34.77,Beginner
33.51,32.33,87.64,Amateur
74.35,7.0,20.17,Beginner
16.08,41.07,7.82,Beginner
81.8,8.31,78.81,Amateur
83.21,-13.96,83.55,Amateur
50.75,-35.76,16.27,Beginner
0.64,-2.76,85.43,Beginner
28.7,-35.5,68.68,Beginner
61.69,-23.47,52.01,Beginner
98.12,98.1,83.03,Professional
63.18,16.62,41.92,Amateur
25.98,29.78,19.4,Beginner
63.4,81.04,28.49,Amateur
54.0,99.34,50.52,Amateur
77.98,37.41,53.13,Amateur
10.7,71.87,80.56,Amateur
76.1,-0.96,79.14,Amateur
54.13,-4.14,58.14,Beginner
96.3,10.41,78.08,Amateur
34.19,50.88,19.18,Beginner
63.26,52.33,5.01,Amateur
93.2,-2.71,87.36,Amateur
10.25,NA,7.56,Beginner
93.72,44.86,24.67,Amateur
68.79,-30.75,69.53,Beginner
6.78,36.77,40.94,Beginner
30.1,54.01,87.63,Amateur
70.82,55.09,29.8,Amateur
6.74,63.02,1.19,Beginner
58.22,80.93,30.07,Amateur
34.59,24.99,57.81,Beginner
62.09,59.54,37.59,Amateur
4.57,42.88,53.49,Beginner
87.15,-22.0,87.66,Amateur
97.35,-46.15,91.25,Amateur
96.89,NA,26.6,Beginner
74.97,16.46,46.21,Amateur
13.01,42.57,54.91,Beginner
75.83,77.49,94.91,Professional
2.46,-20.56,99.86,Beginner
2.21,-31.17,23.54,Beginner
32.36,94.52,72.7,Amateur
48.86,-33.79,37.8,Beginner
77.04,21.77,0.81,Beginner
68.33,37.83,0.93,Beginner
44.59,31.21,46.06,Amateur
27.36,-37.1,48.83,Beginner
99.71,-41.45,2.26,Beginner
42.62,-34.18,68.69,Beginner
45.14,NA,29.4,Beginner
16.36,31.65,55.99,Beginner
79.48,NA,30.09,Amateur
69.37,45.67,16.71,Amateur
22.08,73.01,40.72,Amateur
8.24,-43.76,23.23,Beginner
68.05,24.72,53.48,Amateur
65.45,53.4,19.88,Amateur
27.33,-12.15,50.84,Beginner
95.09,-3.83,15.74,Amateur
15.11,42.05,67.1,Beginner
43.23,84.69,75.39,Amateur
94.36,71.49,11.04,Amateur
41.97,37.47,46.78,Amateur
63.85,59.53,7.09,Amateur
39.76,4.72,59.82,Beginner
27.42,46.14,26.44,Beginner
98.4,19.93,52.76,Amateur
40.93,-21.51,51.75,Beginner
89.41,55.26,92.44,Professional
23.0,33.47,54.91,Beginner
21.31,3.79,58.3,Beginner
3.11,86.7,40.17,Beginner
65.17,-46.86,94.91,Amateur
36.85,NA,77.72,Beginner
86.44,-41.47,28.54,Beginner
47.32,64.98,84.42,Amateur
96.82,55.32,43.24,Amateur
18.55,-0.3,82.87,Beginner
86.86,51.35,82.29,Professional
77.66,9.39,18.89,Beginner
77.09,63.44,70.11,Professional
84.48,NA,29.06,Beginner
76.1,11.84,29.75,Amateur
62.62,90.21,29.63,Amateur
13.12,NA,72.56,Beginner
3.25,-31.93,22.98,Beginner
92.08,37.68,0.09,Amateur
61.67,95.4,71.52,Professional
79.65,6.68,17.12,Beginner
48.15,-40.69,10.45,Beginner
11.73,0.9,23.75,Beginner
12.52,25.89,37.99,Beginner
68.56,-25.71,47.59,Beginner
43.03,NA,4.46,Beginner
20.05,99.66,97.06,Amateur
49.16,17.76,71.61,Amateur
6.42,3.21,32.32,Beginner
58.2,10.11,31.87,Beginner
26.9,-32.73,44.85,Beginner
79.76,82.49,62.62,Professional
31.04,12.22,14.64,Beginner
45.52,8.09,18.89,Beginner
1.16,NA,85.94,Beginner
7.24,16.31,25.63,Beginner
39.25,47.24,38.02,Amateur
47.99,-40.78,87.13,Beginner
60.0,NA,66.31,Amateur
29.17,91.08,34.17,Amateur
69.5,47.31,68.37,Amateur
86.01,NA,1.97,Beginner
77.99,NA,73.56,Professional
3.96,NA,48.7,Beginner
48.05,40.27,81.32,Amateur
10.49,37.26,95.46,Amateur
24.2,10.22,92.58,Amateur
98.67,0.71,90.93,Amateur
14.25,-30.98,51.22,Beginner
49.89,8.76,36.01,Beginner
61.82,-25.6,46.5,Beginner
70.25,60.15,68.99,Amateur
55.96,NA,88.4,Amateur
0.98,-41.22,20.7,Beginner
32.65,32.85,91.82,Amateur
51.77,39.28,81.52,Amateur
8.79,80.79,97.89,Amateur
35.06,36.55,88.03,Amateur
3.32,NA,27.99,Beginner
7.86,70.45,10.6,Beginner
39.69,31.04,11.22,Beginner
13.27,-38.11,29.12,Beginner
56.75,34.88,61.42,Amateur
68.95,86.2,80.43,Professional
80.06,9.45,89.93,Amateur
20.02,-5.55,62.38,Beginner
16.75,-28.48,0.56,Beginner
10.46,-27.28,18.63,Beginner
63.64,14.92,9.97,Beginner
70.65,39.35,36.33,Amateur
3.16,-37.91,50.14,Beginner
93.62,90.94,4.34,Amateur
5.2,63.27,34.85,Beginner
54.13,37.99,17.92,Beginner
70.91,74.27,64.71,Professional
87.1,-37.97,46.43,Beginner
71.41,21.53,49.53,Amateur
80.17,44.51,42.77,Amateur
33.95,74.3,95.6,Amateur
81.48,67.52,21.47,Amateur
8.01,-8.44,51.67,Beginner
89.48,91.13,73.6,Professional
54.76,-31.35,55.68,Beginner
81.73,81.27,92.9,Professional
45.23,95.64,37.8,Amateur
64.36,-23.43,46.37,Beginner
52.64,58.31,8.85,Amateur
73.16,-43.96,60.9,Beginner
8.16,10.81,28.82,Beginner
6.04,NA,16.03,Beginner
24.71,37.1,54.45,Beginner
15.95,NA,53.23,Beginner
87.18,50.84,7.59,Amateur
21.92,22.19,69.82,Beginner
97.59,71.45,62.38,Professional
33.69,92.58,18.9,Amateur
18.21,-46.69,46.94,Beginner
78.97,97.38,72.03,Professional
65.87,-37.08,52.94,Beginner
49.82,72.16,39.55,Amateur
55.54,-7.95,32.23,Beginner
71.92,NA,61.04,Professional
22.85,15.98,93.91,Amateur
99.63,46.59,67.17,Professional
97.48,7.14,7.47,Amateur
65.03,NA,46.07,Amateur
19.95,39.92,89.08,Amateur
68.02,85.36,9.45,Amateur
7.22,7.48,98.89,Beginner
3.07,-17.55,94.91,Beginner
25.77,16.39,7.83,Beginner
46.26,-42.75,93.34,Beginner
86.83,73.07,36.31,Amateur
72.72,73.95,84.47,Professional
74.27,38.2,41.84,Amateur
42.55,2.97,44.09,Beginner
34.59,69.97,63.42,Amateur
37.1,33.2,77.45,Amateur
98.76,73.89,3.38,Amateur
4.01,44.72,59.32,Beginner
86.7,67.66,18.67,Amateur
57.87,39.78,34.59,Amateur
43.86,12.12,34.8,Beginner
72.53,93.69,46.91,Professional
48.67,31.17,33.41,Beginner
87.34,40.76,10.74,Amateur
90.07,-16.93,14.56,Beginner
42.17,43.85,3.34,Beginner
27.68,35.74,47.02,Beginner
59.24,-22.27,95.44,Amateur
91.24,-41.06,11.57,Beginner
21.07,40.65,94.63,Amateur
62.3,64.55,73.34,Amateur
63.16,28.51,63.75,Amateur
73.31,-15.98,64.53,Amateur
13.16,49.98,82.67,Amateur
71.58,-37.98,10.69,Beginner
90.9,16.28,50.48,Amateur
17.97,-25.49,69.71,Beginner
23.75,-22.33,58.68,Beginner
97.14,-19.66,83.28,Amateur
18.1,8.01,7.23,Beginner
85.44,-42.33,69.07,Amateur
49.23,9.67,53.4,Beginner
24.72,26.76,37.92,Beginner
87.07,22.49,34.03,Amateur
44.53,7.42,62.08,Beginner
51.48,75.87,89.1,Professional
35.92,-28.2,49.62,Beginner
59.3,25.85,82.47,Amateur
16.35,-40.69,40.22,Beginner
39.11,-39.33,10.24,Beginner
96.94,36.08,6.15,Amateur
25.81,34.9,5.13,Beginner
65.67,81.71,38.02,Amateur
32.52,33.68,33.72,Beginner
77.35,93.97,71.79,Professional
13.09,-42.7,74.28,Beginner
96.98,-35.3,5.09,Beginner
45.38,-43.39,22.11,Beginner
23.61,-22.21,27.43,Beginner
7.35,31.19,54.76,Beginner
16.98,46.84,14.45,Beginner
51.98,NA,13.39,Beginner
33.7,91.9,94.38,Amateur
82.89,76.32,80.42,Professional
43.09,-5.51,18.07,Beginner
24.87,-38.42,40.66,Beginner
61.71,-24.52,35.56,Beginner
70.68,-30.96,79.1,Amateur
16.7,-31.51,51.02,Beginner
16.76,NA,12.78,Beginner
3.67,-13.12,73.9,Beginner
73.64,3.72,39.69,Amateur
66.38,98.43,26.29,Amateur
47.46,52.65,37.55,Amateur
84.42,92.35,49.78,Professional
80.57,-28.62,34.31,Beginner
58.54,7.32,24.19,Beginner
86.83,33.21,39.85,Amateur
20.58,-38.49,1.92,Beginner
11.19,-49.37,77.25,Beginner
26.97,50.57,17.09,Beginner
5.71,46.27,4.39,Beginner
53.12,11.62,65.37,Amateur
93.66,23.45,77.39,Amateur
3.93,12.32,81.38,Beginner
12.21,-46.4,49.35,Beginner
45.22,NA,20.54,Beginner
93.39,-23.44,73.72,Amateur
31.62,-35.24,69.97,Beginner
50.72,93.51,24.63,Amateur
4.16,39.9,90.34,Amateur
14.83,59.3,10.44,Beginner
98.66,-2.7,98.27,Amateur
96.51,8.97,86.02,Amateur
0.49,-14.46,68.79,Beginner
95.18,-35.46,93.87,Amateur
63.91,-23.15,72.23,Amateur
86.79,NA,19.05,Beginner
45.47,51.63,44.22,Amateur
51.56,32.04,7.15,Beginner
48.88,21.26,38.97,Beginner
66.69,88.37,74.16,Professional
13.97,-39.09,38.64,Beginner
3.0,-7.91,33.03,Beginner
30.79,2.49,59.54,Beginner
70.47,67.36,87.22,Professional
20.19,98.88,4.76,Beginner
67.34,-13.9,38.55,Beginner
96.99,81.15,15.82,Amateur
9.39,74.59,69.54,Amateur
67.26,-16.3,10.57,Beginner
44.38,9.9,66.48,Amateur
86.81,NA,28.62,Beginner
17.71,96.73,19.89,Amateur
69.26,-22.87,93.64,Amateur
83.81,69.87,1.85,Amateur
94.46,NA,43.78,Amateur
68.32,59.63,2.16,Amateur
49.72,13.0,48.36,Beginner
61.78,36.75,50.1,Amateur
86.89,74.89,32.17,Amateur
57.06,70.62,13.22,Amateur
3.04,79.96,37.64,Beginner
93.09,-41.06,67.23,Amateur
68.95,53.81,78.24,Amateur
67.65,-29.0,53.08,Beginner
21.57,NA,58.98,Beginner
65.89,32.29,20.06,Amateur
39.39,10.41,28.73,Beginner
65.12,NA,16.19,Beginner
10.66,99.48,24.93,Amateur
65.78,-29.72,22.49,Beginner
99.94,51.32,51.94,Professional
4.82,9.4,56.27,Beginner
97.72,-30.05,94.49,Amateur
40.69,NA,19.56,Beginner
87.08,92.39,64.17,Professional
78.24,81.94,81.73,Professional
56.7,86.06,56.02,Amateur
73.84,98.73,25.5,Amateur
87.85,-18.75,26.26,Beginner
40.41,3.32,3.93,Beginner
32.7,50.38,30.54,Beginner
66.76,22.57,74.46,Amateur
80.78,NA,4.75,Beginner
76.23,3.67,21.93,Beginner
79.78,39.07,70.62,Amateur
43.56,36.34,78.27,Amateur
81.78,-25.78,45.53,Beginner
12.02,20.76,69.81,Beginner
54.45,33.02,38.8,Amateur
0.58,35.54,15.99,Beginner
32.46,-18.48,39.81,Beginner
36.65,61.34,58.0,Amateur
39.62,-46.22,94.81,Beginner
69.55,3.22,6.88,Beginner
38.86,67.03,50.74,Amateur
44.87,34.58,32.89,Beginner
23.75,-10.83,50.83,Beginner
37.33,54.24,2.4,Beginner
22.73,35.11,31.3,Beginner
7.32,69.44,81.99,Amateur
60.34,60.25,55.39,Amateur
66.82,41.52,45.06,Amateur
61.95,23.23,28.55,Amateur
46.35,-30.02,29.8,Beginner
37.98,-10.8,38.31,Beginner
86.33,12.86,83.56,Amateur
51.91,39.89,96.72,Amateur
47.92,27.06,43.87,Amateur
2.56,-6.77,39.34,Beginner
34.12,-49.03,84.66,Beginner
38.02,24.44,42.69,Beginner
39.88,-7.16,55.2,Beginner
58.02,60.19,23.09,Amateur
53.36,-46.41,74.35,Beginner
60.79,37.72,53.2,Amateur
76.49,91.22,80.9,Professional
81.3,-23.84,78.07,Amateur
71.81,20.75,21.5,Amateur
95.55,-36.29,71.56,Amateur
1.82,43.85,80.01,Beginner
19.58,32.58,34.61,Beginner
0.76,11.1,17.26,Beginner
64.75,28.21,0.26,Beginner
89.8,84.49,45.09,Professional
24.35,-20.56,35.24,Beginner
92.7,-46.62,55.49,Beginner
6.03,79.25,18.8,Beginner
93.44,36.57,85.97,Professional
35.16,83.6,25.78,Amateur
10.14,39.54,22.64,Beginner
48.59,71.52,48.07,Amateur
25.68,14.45,49.89,Beginner
28.49,62.48,21.51,Beginner
30.73,86.96,27.19,Amateur
80.3,35.82,16.97,Amateur
53.92,-22.88,71.85,Beginner
31.13,-9.68,77.01,Beginner
61.03,-20.2,46.23,Beginner
71.62,-12.97,71.41,Amateur
27.26,-4.04,73.59,Beginner
41.35,33.27,13.83,Beginner
12.19,38.2,96.62,Amateur
18.11,13.97,82.1,Beginner
68.11,42.31,20.45,Amateur
18.14,-37.76,18.62,Beginner
52.52,-36.83,12.57,Beginner
70.9,NA,13.84,Beginner
10.69,27.71,74.82,Beginner
56.73,-17.9,46.97,Beginner
25.66,-7.51,78.29,Beginner
96.29,10.05,74.63,Amateur
48.35,71.78,60.46,Amateur
80.6,-47.92,68.64,Beginner
55.02,47.41,1.84,Beginner
4.34,50.33,31.18,Beginner
63.32,69.8,63.78,Amateur
95.14,89.91,0.93,Amateur
60.16,-46.98,3.3,Beginner
81.92,-26.93,85.19,Amateur
88.42,82.93,68.4,Professional
22.81,18.78,26.54,Beginner
21.2,34.69,68.8,Beginner
61.1,49.45,79.25,Amateur
41.1,NA,30.68,Amateur
83.99,89.76,3.6,Amateur
90.0,99.54,93.28,Professional
35.34,NA,34.52,Beginner
23.69,-6.92,10.65,Beginner
78.05,81.96,49.19,Professional
27.48,-42.62,76.85,Beginner
82.26,-15.34,22.16,Beginner
42.37,84.61,26.95,Amateur
66.75,-11.57,24.27,Beginner
9.55,-16.9,99.17,Beginner
62.39,-29.28,19.74,Beginner
45.18,78.87,57.55,Amateur
58.66,NA,92.53,Amateur
16.8,51.23,14.69,Beginner
73.69,-14.14,97.09,Amateur
86.28,63.71,94.75,Professional
21.67,64.0,88.46,Amateur
9.57,-3.11,21.46,Beginner
2.36,NA,63.41,Beginner
64.2,-18.55,76.09,Amateur
60.71,96.48,98.6,Professional
54.67,NA,18.04,Beginner
23.19,90.18,76.6,Amateur
39.09,-4.49,33.88,Beginner
59.45,67.28,17.56,Amateur
49.68,64.88,42.14,Amateur
98.78,53.75,79.38,Professional
13.64,94.85,46.48,Amateur
69.51,9.03,53.75,Amateur
40.43,-30.39,99.52,Beginner
42.82,50.76,39.91,Amateur
71.76,59.4,61.54,Amateur
69.24,36.26,36.52,Amateur
99.13,-18.98,39.28,Amateur
12.84,25.67,69.56,Beginner
10.41,-3.17,93.79,Beginner
72.43,14.12,54.24,Amateur
57.84,46.78,76.84,Amateur
27.42,61.78,8.92,Beginner
7.94,-15.17,21.12,Beginner
8.57,NA,50.21,Beginner
89.42,-9.63,2.0,Beginner
19.19,-20.21,25.29,Beginner
32.34,67.51,51.74,Amateur
22.67,86.39,1.5,Beginner
35.5,5.53,26.45,Beginner
6.94,NA,51.4,Beginner
51.91,84.55,57.31,Amateur
6.76,76.92,92.58,Amateur
80.04,-22.58,64.53,Amateur
23.37,93.44,41.47,Amateur
54.0,6.5,93.04,Amateur
88.01,0.89,78.49,Amateur
65.09,-40.64,20.0,Beginner
53.3,22.93,13.08,Beginner
32.43,-33.65,67.58,Beginner
33.3,-12.72,55.99,Beginner
66.95,NA,78.97,Amateur
99.41,71.32,73.88,Professional
66.18,81.32,62.52,Amateur
55.78,-4.63,98.64,Amateur
73.07,78.8,53.36,Amateur
46.52,78.58,11.31,Amateur
6.01,NA,82.83,Beginner
56.23,-28.0,25.19,Beginner
95.76,53.55,77.73,Professional
17.53,91.75,95.71,Amateur
69.0,52.38,69.68,Amateur
20.09,-0.26,59.6,Beginner
53.58,25.09,46.04,Amateur
9.67,46.86,36.44,Beginner
45.04,26.59,35.3,Beginner
75.62,NA,63.64,Professional
34.76,-3.19,75.13,Beginner
66.49,70.36,67.85,Amateur
79.54,79.21,19.84,Amateur
92.72,-29.4,49.4,Amateur
23.46,92.86,79.16,Amateur
39.93,-0.68,47.57,Beginner
15.24,49.35,53.66,Beginner
99.25,62.77,77.11,Professional
92.7,71.79,66.13,Professional
54.0,91.86,40.93,Amateur
84.2,NA,89.54,Professional
52.1,NA,16.26,Beginner
62.36,-30.25,99.55,Amateur
8.91,55.76,11.89,Beginner
75.53,61.3,1.49,Amateur
12.77,51.66,89.0,Amateur
82.61,NA,24.5,Beginner
78.2,80.96,72.97,Professional
70.87,-24.67,81.1,Amateur
3.62,NA,85.9,Beginner
30.31,57.62,99.16,Amateur
26.31,21.32,29.4,Beginner
36.01,77.36,71.02,Amateur
8.76,7.51,11.54,Beginner
93.7,-24.76,40.68,Amateur
55.38,75.47,84.8,Professional
30.55,NA,36.77,Beginner
39.7,-21.62,59.11,Beginner
44.72,58.06,50.38,Amateur
60.06,26.67,64.6,Amateur
51.57,40.65,97.29,Amateur
91.94,19.13,5.57,Amateur
49.7,74.31,57.4,Amateur
99.22,74.43,86.3,Professional
85.14,NA,48.14,Amateur
20.85,-34.19,7.85,Beginner
93.06,75.83,56.05,Professional
11.64,50.65,33.21,Beginner
81.74,54.55,15.49,Amateur
38.06,NA,84.9,Beginner
87.8,NA,52.16,Amateur
86.81,58.81,93.33,Professional
80.59,-33.11,80.6,Amateur
79.0,11.17,69.3,Amateur
30.47,82.96,0.5,Beginner
8.09,-42.92,42.78,Beginner
40.3,94.21,19.75,Amateur
17.35,51.87,91.08,Amateur
69.5,44.71,17.46,Amateur
34.61,-9.42,28.61,Beginner
97.56,-12.68,51.68,Amateur
64.1,NA,26.34,Beginner
82.25,-5.26,20.99,Beginner
13.25,66.33,59.91,Amateur
86.2,8.97,8.89,Beginner
92.28,-29.11,5.82,Beginner
48.71,-48.39,37.22,Beginner
60.63,31.64,72.07,Amateur
76.48,96.37,55.48,Professional
17.48,5.37,42.29,Beginner
50.26,NA,56.58,Amateur
39.87,1.61,36.55,Beginner
14.64,28.08,93.61,Amateur
36.75,16.1,5.49,Beginner
6.82,81.99,67.34,Amateur
2.58,25.83,89.13,Beginner
13.52,NA,80.39,Beginner
96.31,-29.24,18.4,Beginner
54.95,97.41,29.59,Amateur
96.58,-12.5,71.7,Amateur
43.25,-39.0,8.43,Beginner
31.18,49.47,81.19,Amateur
50.61,39.3,71.89,Amateur
43.95,12.27,72.96,Amateur
10.57,13.33,10.02,Beginner
64.08,67.76,71.78,Amateur
21.6,-20.64,67.98,Beginner
61.96,73.04,83.09,Professional
65.02,47.31,4.16,Amateur
15.2,12.85,2.31,Beginner
6.13,18.7,37.3,Beginner
78.08,-11.5,14.88,Beginner
45.98,62.82,55.84,Amateur
5.82,NA,91.73,Beginner
99.49,-1.87,39.15,Amateur
5.78,39.41,84.5,Beginner
69.5,99.36,0.02,Amateur
98.37,15.29,16.85,Amateur
23.92,88.1,3.04,Beginner
14.22,NA,32.81,Beginner
12.14,-41.79,90.82,Beginner
30.33,NA,9.7,Beginner
10.1,NA,60.64,Beginner
69.22,-17.05,45.15,Beginner
6.23,-49.97,93.85,Beginner
50.94,87.25,12.25,Amateur
99.67,76.58,21.2,Amateur
81.4,61.34,2.95,Amateur
61.52,-24.83,43.39,Beginner
30.63,-31.95,27.78,Beginner
62.39,-39.86,86.99,Beginner
52.7,58.6,60.49,Amateur
42.61,89.32,61.41,Amateur
13.07,14.58,53.19,Beginner
88.66,-32.13,9.19,Beginner
44.98,26.86,44.5,Beginner
19.46,2.32,99.95,Beginner
36.78,6.22,83.52,Amateur
41.41,43.2,89.35,Amateur
82.75,NA,82.32,Professional
73.36,-33.41,10.3,Beginner
76.93,-44.66,22.74,Beginner
1.1,99.15,0.31,Beginner
41.62,-15.09,30.35,Beginner
48.13,-41.93,10.86,Beginner
1.92,-21.52,47.28,Beginner
25.98,-44.16,67.71,Beginner
76.03,8.77,87.45,Amateur
13.71,70.36,74.92,Amateur
53.53,1.19,93.86,Amateur
21.52,16.63,5.39,Beginner
1.21,51.34,1.22,Beginner
24.12,26.33,66.13,Beginner
97.59,79.22,28.94,Professional
80.15,79.91,25.35,Amateur
95.96,-48.51,33.09,Beginner
48.79,66.71,26.98,Amateur
10.97,19.11,51.14,Beginner
54.8,98.33,44.01,Amateur
45.44,22.48,51.24,Amateur
84.44,98.03,67.27,Professional
9.81,NA,38.71,Beginner
48.82,-12.71,25.13,Beginner
15.0,30.76,16.62,Beginner
32.47,98.82,34.95,Amateur
73.74,78.63,74.18,Professional
47.6,NA,75.67,Amateur
37.59,55.96,66.69,Amateur
39.45,1.84,23.4,Beginner
45.94,-48.95,58.81,Beginner
78.5,10.52,57.07,Amateur
89.21,-14.79,48.43,Amateur
95.53,72.83,55.0,Professional
78.69,0.6,49.18,Amateur
31.54,74.13,56.55,Amateur
68.81,-49.91,71.55,Beginner
43.76,-3.83,10.96,Beginner
25.47,NA,74.96,Beginner
84.09,-14.96,13.59,Beginner
3.84,-39.77,6.66,Beginner
90.18,-21.93,97.61,Amateur
46.15,33.33,95.7,Amateur
63.72,-6.3,6.04,Beginner
65.94,NA,44.33,Amateur
89.51,6.53,18.62,Amateur
63.67,81.39,48.53,Amateur
61.39,NA,83.02,Amateur
6.67,23.94,95.06,Beginner
51.84,-0.48,63.43,Beginner
15.02,-33.98,35.39,Beginner
73.74,93.01,60.33,Professional
51.22,NA,31.2,Amateur
68.02,-5.35,90.98,Amateur
4.17,-5.29,87.04,Beginner
8.48,-1.94,55.82,Beginner
71.63,-25.36,32.48,Beginner
7.21,67.47,29.34,Beginner
7.13,-31.63,3.34,Beginner
1.21,45.24,81.58,Beginner
95.65,-31.42,45.04,Amateur
73.75,-39.42,32.51,Beginner
35.33,86.41,47.11,Amateur
29.65,-21.48,81.87,Beginner
34.97,73.19,12.46,Beginner
77.47,31.69,85.77,Amateur
66.14,-38.32,89.75,Amateur
18.52,93.32,94.67,Amateur
17.41,-12.96,39.75,Beginner
9.84,78.95,21.71,Beginner
66.03,-24.68,37.36,Beginner
76.44,78.09,33.29,Amateur
26.5,-48.02,17.62,Beginner
2.09,26.77,60.73,Beginner
8.22,65.42,47.66,Beginner
96.79,90.22,86.57,Professional
29.54,86.38,3.21,Beginner
76.92,72.94,64.39,Professional
62.47,83.23,76.29,Professional
38.19,-20.12,75.95,Beginner
20.57,-7.37,88.61,Beginner
12.14,-6.65,72.9,Beginner
61.5,6.56,92.78,Amateur
77.46,9.0,33.27,Amateur
64.39,31.68,50.32,Amateur
53.03,-26.02,1.41,Beginner
4.2,NA,0.7,Beginner
96.85,NA,24.01,Beginner
79.87,-3.45,10.08,Beginner
29.28,25.5,26.02,Beginner
98.0,69.47,17.7,Amateur
60.19,60.92,2.85,Amateur
58.24,NA,90.93,Amateur
74.81,-26.63,0.82,Beginner
81.18,32.06,73.61,Amateur
65.65,-36.88,15.21,Beginner
12.81,NA,91.22,Beginner
33.83,12.03,89.28,Amateur
92.81,-44.03,65.39,Amateur
22.46,-8.9,67.22,Beginner
37.22,93.35,0.53,Amateur
43.21,93.04,98.49,Professional
43.94,2.85,87.78,Amateur
61.29,NA,89.51,Amateur
94.31,-23.14,65.92,Amateur
24.07,8.83,34.48,Beginner
12.15,92.17,89.36,Amateur
19.75,-28.82,29.15,Beginner
88.69,64.53,56.27,Professional
64.58,-33.7,9.97,Beginner
28.59,97.19,92.2,Amateur
81.59,7.24,14.08,Beginner
86.14,66.29,22.49,Amateur
84.65,1.39,55.81,Amateur
91.89,44.15,76.41,Professional
25.22,-21.2,61.94,Beginner
75.5,-28.1,23.21,Beginner
46.05,90.71,0.09,Amateur
84.2,87.65,75.72,Professional
72.85,83.12,98.52,Professional
77.64,43.82,80.99,Amateur
65.62,71.24,46.02,Amateur
17.74,-39.64,90.38,Beginner
54.5,0.22,40.98,Beginner
98.47,-2.94,52.49,Amateur
93.74,45.35,47.71,Amateur
4.32,3.39,44.76,Beginner
16.48,-27.72,77.52,Beginner
13.17,NA,52.68,Beginner
72.6,72.16,31.67,Amateur
81.78,7.32,25.82,Amateur
21.35,-30.16,3.77,Beginner
50.59,-20.5,58.32,Beginner
84.07,NA,23.0,Beginner
73.28,-5.02,14.81,Beginner
54.22,46.42,65.38,Amateur
59.03,40.14,68.12,Amateur
50.84,54.41,75.22,Amateur
29.75,NA,50.36,Beginner
56.5,73.6,89.41,Professional
68.89,-19.39,93.63,Amateur
87.33,20.36,80.74,Amateur
63.63,70.14,63.56,Amateur
76.11,-22.98,30.37,Beginner
16.01,NA,98.29,Beginner
46.16,NA,27.41,Beginner
0.93,1.44,20.27,Beginner
24.67,52.58,44.22,Beginner
72.65,-46.2,5.68,Beginner
99.18,53.51,97.85,Professional
9.92,-2.58,58.84,Beginner
40.15,-41.64,55.7,Beginner
80.01,41.47,65.58,Amateur
20.4,-13.88,49.7,Beginner
55.51,8.02,3.21,Beginner
73.31,-37.91,61.23,Beginner
61.6,-27.93,71.62,Beginner
18.8,-5.3,41.67,Beginner
35.54,-36.54,75.73,Beginner
78.38,86.62,22.7,Amateur
55.42,-49.09,22.13,Beginner
0.52,22.58,16.14,Beginner
76.1,NA,37.2,Amateur
3.53,-3.85,84.7,Beginner
74.57,NA,82.79,Professional
20.25,NA,38.28,Beginner
95.81,94.87,58.91,Professional
36.79,-19.13,72.08,Beginner
32.69,61.23,24.12,Beginner
14.89,32.0,16.81,Beginner
30.56,82.67,97.21,Amateur
87.67,NA,61.76,Professional
99.63,30.18,98.14,Professional
36.83,-20.68,33.78,Beginner
44.86,NA,70.3,Amateur
72.21,87.47,22.26,Amateur
88.62,-0.82,26.12,Amateur
59.3,5.81,51.19,Amateur
39.15,63.97,31.96,Amateur
41.26,0.82,16.76,Beginner
69.56,92.81,26.29,Amateur
0.32,60.69,3.57,Beginner
61.96,39.61,70.44,Amateur
35.55,NA,49.21,Beginner
79.42,-42.56,9.42,Beginner
9.3,-11.44,17.17,Beginner
58.82,19.76,10.25,Beginner
48.1,-15.95,61.26,Beginner
64.23,61.59,9.42,Amateur
6.49,87.88,75.43,Amateur
58.0,13.57,2.05,Beginner
56.15,1.32,24.94,Beginner
56.07,94.23,89.07,Professional
60.35,16.73,71.85,Amateur
67.65,23.36,7.3,Beginner
80.5,2.75,82.11,Amateur
26.98,86.43,49.3,Amateur
82.5,35.34,84.68,Amateur
49.83,64.33,60.07,Amateur
7.71,71.77,68.18,Amateur
5.86,1.28,99.35,Beginner
33.42,15.05,23.23,Beginner
78.49,77.27,62.39,Professional
70.77,4.49,46.03,Amateur
78.86,69.09,3.95,Amateur
51.73,91.15,1.45,Amateur
44.02,NA,11.92,Beginner
14.75,61.24,64.91,Amateur
32.82,70.76,56.72,Amateur
43.4,76.76,55.34,Amateur
8.86,9.26,3.19,Beginner
22.06,-42.31,46.93,Beginner
59.82,NA,92.46,Amateur
73.57,51.06,39.76,Amateur
99.83,17.55,62.49,Amateur
93.31,62.34,77.98,Professional
64.26,3.55,78.39,Amateur
42.12,45.21,51.93,Amateur
63.62,-22.04,85.8,Amateur
78.57,62.41,39.14,Amateur
11.83,31.85,88.87,Amateur
40.99,-19.39,24.02,Beginner
83.98,-6.21,28.02,Amateur
38.38,62.29,5.31,Beginner
57.19,22.39,79.56,Amateur
58.78,-17.6,41.71,Beginner
18.45,95.09,22.91,Amateur
36.22,57.27,23.18,Beginner
33.45,93.57,90.14,Amateur
2.62,14.07,83.39,Beginner
2.42,21.27,55.35,Beginner
83.17,84.69,61.61,Professional
27.31,28.76,47.43,Beginner
51.81,56.09,39.17,Amateur
29.87,-12.17,91.55,Beginner
94.07,17.01,12.56,Amateur
25.93,-31.48,41.84,Beginner
42.97,-19.1,34.46,Beginner
87.27,-49.86,49.82,Beginner
84.19,-44.11,45.76,Beginner
18.61,96.59,51.89,Amateur
80.26,-13.65,13.99,Beginner
45.82,49.5,51.31,Amateur
48.3,75.86,24.24,Amateur
13.35,NA,18.43,Beginner
8.06,-27.03,6.48,Beginner
72.79,NA,76.27,Professional
49.65,40.04,42.74,Amateur
43.69,59.69,62.66,Amateur
72.95,65.46,72.76,Professional
76.55,96.31,67.93,Professional
15.89,36.03,47.05,Beginner
61.02,1.25,38.79,Beginner
13.54,47.27,37.6,Beginner
75.14,-39.73,64.0,Beginner
65.7,84.61,49.48,Amateur
95.66,-32.09,84.91,Amateur
6.9,-0.82,87.47,Beginner
5.71,NA,17.06,Beginner
28.22,39.6,13.62,Beginner
26.17,9.05,63.04,Beginner
24.7,21.02,30.12,Beginner
90.63,78.18,1.86,Amateur
24.95,1.0,88.86,Beginner
27.19,80.45,22.69,Amateur
75.94,-36.78,92.93,Amateur
44.97,66.52,71.74,Amateur
77.67,NA,76.27,Professional
6.54,-22.73,20.15,Beginner
48.76,14.55,23.42,Beginner
3.36,-25.18,52.13,Beginner
6.27,55.99,17.21,Beginner
90.64,30.3,30.54,Amateur
13.92,45.3,32.15,Beginner
53.24,-20.53,15.96,Beginner
41.11,-18.24,20.52,Beginner
34.73,-43.78,78.86,Beginner
89.98,-1.69,16.72,Amateur
2.18,33.96,2.85,Beginner
66.38,78.69,62.94,Amateur
96.34,50.04,97.6,Professional
56.02,NA,33.12,Amateur
93.68,92.97,11.87,Amateur
5.23,57.89,57.04,Beginner
41.88,89.52,90.64,Professional
26.02,29.14,78.41,Amateur
73.08,-11.16,62.25,Amateur
98.13,-42.08,31.51,Beginner
25.65,58.91,54.19,Amateur
65.42,-31.8,9.12,Beginner
19.81,NA,67.89,Beginner
56.53,NA,72.51,Amateur
46.39,34.66,96.5,Amateur
97.2,40.09,26.04,Amateur
60.85,-25.06,1.85,Beginner
34.95,6.96,54.56,Beginner
11.41,42.58,70.68,Beginner
15.12,95.47,79.04,Amateur
22.53,59.14,19.37,Beginner
25.1,88.39,26.18,Amateur
85.06,64.33,51.26,Amateur
56.12,38.76,33.06,Amateur
52.34,-21.2,86.05,Amateur
11.48,NA,47.38,Beginner
86.01,43.51,79.96,Professional
72.28,40.37,58.06,Amateur
6.77,23.47,77.31,Beginner
70.78,29.3,33.27,Amateur
54.35,0.17,83.14,Amateur
8.17,27.9,27.46,Beginner
45.83,-20.37,54.61,Beginner
48.47,70.78,21.4,Amateur
16.58,-22.13,47.55,Beginner
94.57,NA,31.82,Amateur
85.0,NA,26.67,Beginner
66.9,48.75,96.7,Professional
46.23,15.66,16.01,Beginner
41.18,NA,78.73,Amateur
65.1,33.73,98.42,Amateur
54.54,2.05,1.99,Beginner
6.23,89.93,69.9,Amateur
51.25,88.4,25.29,Amateur
80.64,25.36,4.05,Amateur
45.92,-0.82,40.29,Beginner
5.2,60.57,93.52,Amateur
78.63,NA,1.18,Beginner
20.14,21.22,58.79,Beginner
25.86,0.45,50.14,Beginner
16.47,88.08,87.34,Amateur
33.02,-48.2,8.4,Beginner
75.68,32.92,68.15,Amateur
51.94,61.1,68.01,Amateur
20.49,22.75,66.91,Beginner
87.78,-37.19,94.23,Amateur
87.96,95.87,82.31,Professional
87.06,27.7,4.2,Amateur
23.88,42.13,47.11,Beginner
45.12,NA,39.8,Amateur
98.5,22.52,31.01,Amateur
77.2,14.37,45.13,Amateur
2.72,-38.77,38.42,Beginner
6.52,-34.08,43.23,Beginner
46.39,75.62,97.93,Professional
90.92,-14.03,8.86,Beginner
53.87,NA,92.22,Amateur
49.78,25.74,48.02,Amateur
10.55,65.31,62.37,Amateur
65.68,-40.71,83.02,Beginner
82.21,36.52,36.05,Amateur
38.04,-32.12,43.04,Beginner
77.56,NA,40.95,Amateur
96.45,NA,37.47,Amateur
20.38,75.12,92.55,Amateur
52.33,-32.3,82.89,Beginner
28.71,-43.23,10.9,Beginner
79.29,15.68,10.81,Beginner
57.76,76.6,42.79,Amateur
63.46,-10.64,9.87,Beginner
79.79,13.26,61.91,Amateur
39.6,-44.01,14.37,Beginner
91.51,17.36,52.24,Amateur
53.3,36.64,0.72,Beginner
15.8,35.64,31.66,Beginner
69.59,NA,67.72,Amateur
79.33,-2.67,48.4,Amateur
31.68,-34.01,97.83,Beginner
85.72,5.02,87.41,Amateur
90.61,-35.08,35.91,Beginner
27.69,64.99,4.55,Beginner
98.35,94.94,84.56,Professional
14.07,95.51,91.12,Amateur
20.2,79.76,82.06,Amateur
18.42,40.12,12.79,Beginner
89.4,55.13,99.79,Professional
65.43,-7.22,25.86,Beginner
15.21,44.62,72.42,Amateur
44.03,18.35,90.8,Amateur
61.53,NA,23.57,Beginner
8.35,63.67,90.83,Amateur
88.24,-7.71,30.95,Amateur
80.36,-2.29,97.64,Amateur
50.52,88.7,28.13,Amateur
96.71,-41.57,95.34,Amateur
41.78,22.85,5.35,Beginner
98.41,86.92,70.93,Professional
66.79,41.55,53.21,Amateur
63.47,31.96,47.79,Amateur
16.6,-12.54,22.35,Beginner
88.19,1.49,70.56,Amateur
42.75,77.81,19.08,Amateur
16.22,33.88,55.28,Beginner
1.26,27.21,25.32,Beginner
55.98,-35.06,95.56,Amateur
52.74,-47.6,2.86,Beginner
71.94,94.55,19.97,Amateur
89.03,6.55,24.23,Amateur
7.94,40.48,41.41,Beginner
73.15,-38.04,23.27,Beginner
18.74,52.47,49.13,Beginner
85.82,89.89,87.25,Professional
81.91,36.35,71.21,Amateur
54.08,-31.08,58.0,Beginner
71.02,37.26,8.9,Amateur
31.44,64.95,69.4,Amateur
47.12,10.96,16.64,Beginner
82.16,81.98,78.64,Professional
45.93,47.3,25.01,Amateur
35.78,84.89,41.7,Amateur
49.42,43.53,35.05,Amateur
82.82,-30.31,85.88,Amateur
33.52,-3.55,12.65,Beginner
17.38,NA,56.56,Beginner
71.2,86.32,14.21,Amateur
82.6,64.06,70.48,Professional
10.06,51.46,90.51,Amateur
23.99,-4.86,43.46,Beginner
14.2,-22.39,48.81,Beginner
34.79,63.47,92.74,Amateur
45.04,21.12,52.1,Beginner
74.88,-16.13,48.76,Beginner
65.11,42.49,57.83,Amateur
62.09,NA,68.92,Amateur
35.24,-1.07,10.69,Beginner
84.14,20.28,82.11,Amateur
47.13,-27.81,43.55,Beginner
97.91,97.7,7.23,Professional
63.41,-18.64,78.62,Amateur
12.63,NA,37.69,Beginner
67.62,-19.47,10.04,Beginner
32.51,65.36,63.38,Amateur
68.63,13.83,88.01,Amateur
6.96,34.81,88.78,Beginner
17.49,-46.85,95.77,Beginner
85.57,-44.84,86.77,Amateur
22.72,16.87,0.21,Beginner
83.7,72.5,38.02,Amateur
27.93,82.79,81.85,Amateur
64.29,-36.99,36.63,Beginner
69.42,30.75,60.15,Amateur
51.27,86.98,60.63,Amateur
30.53,NA,36.5,Beginner
21.26,74.43,90.45,Amateur
3.32,-29.95,50.32,Beginner
30.39,90.31,46.48,Amateur
65.32,62.71,99.75,Professional
93.83,91.2,49.35,Professional
87.12,51.49,17.84,Amateur
76.61,4.51,51.31,Amateur
78.84,90.73,81.4,Professional
66.5,-8.66,77.69,Amateur
26.03,NA,78.86,Beginner
90.72,55.12,70.8,Professional
67.07,64.8,25.42,Amateur
56.04,89.41,86.21,Professional
11.1,-19.28,89.34,Beginner
44.71,69.7,19.42,Amateur
46.04,60.78,13.05,Amateur
86.46,-40.43,97.56,Amateur
54.66,8.08,86.83,Amateur
38.04,-7.59,89.32,Beginner
97.68,-4.33,88.64,Amateur
11.07,97.44,54.17,Amateur
42.25,46.42,64.64,Amateur
4.2,57.65,54.54,Beginner
73.99,96.49,5.12,Amateur
91.81,6.58,74.55,Amateur
28.0,70.28,50.53,Amateur
85.83,15.18,64.77,Amateur
29.22,80.43,50.26,Amateur
91.08,-22.9,49.18,Amateur
75.4,92.15,17.18,Amateur
80.49,NA,27.87,Beginner
1.8,-1.07,15.89,Beginner
96.28,63.43,19.57,Amateur
72.67,9.06,97.3,Amateur
30.48,NA,15.31,Beginner
82.94,16.69,26.93,Amateur
28.15,NA,59.06,Beginner
87.28,-15.75,61.02,Amateur
11.26,-41.23,15.4,Beginner
70.37,-5.01,79.37,Amateur
54.07,21.15,78.52,Amateur
9.65,-24.8,23.73,Beginner
24.19,3.22,28.87,Beginner
1.24,10.0,93.8,Beginner
46.88,-41.39,82.57,Beginner
30.13,37.5,69.78,Amateur
59.84,82.65,8.22,Amateur
29.72,-27.24,41.83,Beginner
29.99,39.67,55.93,Amateur
74.32,49.71,18.74,Amateur
4.81,12.9,44.82,Beginner
90.29,55.16,60.1,Professional
85.23,11.61,32.74,Amateur
66.78,25.7,78.09,Amateur
59.32,-48.9,84.04,Beginner
89.23,53.76,32.36,Amateur
18.53,49.2,83.87,Amateur
7.9,-44.24,10.36,Beginner
23.95,5.24,83.77,Beginner
79.46,96.85,15.28,Amateur
3.47,13.11,8.29,Beginner
58.28,25.29,64.18,Amateur
99.54,86.49,47.19,Professional
85.57,57.59,90.79,Professional
52.14,37.31,36.32,Amateur
6.36,NA,28.72,Beginner
83.14,79.65,50.07,Professional
59.9,18.53,45.59,Amateur
11.49,21.27,34.44,Beginner
9.39,7.91,69.37,Beginner
90.96,95.01,75.96,Professional
66.92,54.57,85.3,Amateur
82.93,-37.52,97.29,Amateur
87.9,79.44,26.67,Amateur
57.18,22.08,71.61,Amateur
51.74,NA,39.43,Amateur
43.04,NA,67.71,Amateur
31.69,12.57,47.6,Beginner
43.46,81.66,99.38,Professional
77.39,-19.4,72.89,Amateur
60.19,73.97,95.25,Professional
89.25,NA,83.5,Professional
44.34,-41.81,90.29,Beginner
60.71,95.78,81.44,Professional
63.13,26.89,45.92,Amateur
59.17,-6.37,25.18,Beginner
70.26,20.41,37.03,Amateur
23.74,78.68,2.02,Beginner
51.24,-4.26,52.4,Beginner
10.42,-21.1,50.51,Beginner
38.45,NA,52.53,Beginner
48.77,-5.32,97.4,Amateur
65.22,67.01,91.15,Professional
95.05,20.74,16.17,Amateur
60.07,-15.88,36.89,Beginner
74.36,-25.07,42.4,Beginner
50.63,-0.09,36.05,Beginner
63.41,NA,79.85,Amateur
7.09,1.45,52.4,Beginner
25.44,98.22,57.21,Amateur
36.19,22.78,85.3,Amateur
47.25,-23.13,80.59,Beginner
4.56,83.67,13.22,Beginner
14.0,19.05,71.39,Beginner
27.68,56.45,43.54,Amateur
97.15,97.56,29.46,Professional
33.13,-42.47,5.0,Beginner
48.2,-35.5,48.72,Beginner
19.61,58.07,35.54,Beginner
61.08,-7.73,25.15,Beginner
28.07,-22.35,69.47,Beginner
20.7,-44.1,76.95,Beginner
51.66,-46.72,24.48,Beginner
0.55,NA,4.94,Beginner
0.77,-29.83,84.88,Beginner
21.91,20.16,1.0,Beginner
3.67,40.88,93.71,Amateur
10.8,14.25,62.76,Beginner
33.89,-45.93,32.18,Beginner
80.26,NA,24.65,Beginner
57.2,-48.42,0.9,Beginner
51.27,64.28,23.55,Amateur
29.35,84.0,13.77,Amateur
93.18,14.93,61.22,Amateur
39.7,30.33,16.65,Beginner
8.71,21.55,52.86,Beginner
61.71,8.38,59.01,Amateur
11.38,83.11,29.8,Beginner
34.52,84.09,3.51,Amateur
50.74,0.37,3.73,Beginner
87.42,42.26,2.63,Amateur
49.35,NA,73.91,Amateur
70.23,94.31,31.8,Amateur
99.28,26.34,79.63,Professional
13.15,17.92,43.17,Beginner
27.47,-8.2,45.3,Beginner
39.46,NA,51.29,Beginner
42.18,-28.58,71.3,Beginner
41.1,36.97,27.35,Beginner
90.76,-7.62,12.16,Beginner
71.4,-8.15,55.61,Amateur
60.79,10.75,32.7,Beginner
30.94,99.82,44.25,Amateur
82.38,NA,64.69,Professional
95.51,36.78,49.41,Amateur
82.12,-37.61,62.03,Amateur
0.16,-26.82,54.42,Beginner
63.64,15.93,73.98,Amateur
5.11,26.57,70.59,Beginner
25.76,-11.18,53.42,Beginner
5.95,-2.53,67.89,Beginner
60.38,NA,87.36,Amateur
68.66,-4.52,43.23,Beginner
11.45,94.98,41.28,Amateur
38.38,91.71,76.42,Amateur
45.62,0.23,58.26,Beginner
36.91,35.63,7.1,Beginner
12.1,86.44,89.21,Amateur
41.89,-49.07,3.08,Beginner
75.12,71.6,74.84,Professional
7.1,92.26,75.88,Amateur
8.02,-36.3,95.31,Beginner
35.48,-25.78,5.41,Beginner
94.17,94.11,59.69,Professional
66.86,30.63,42.78,Amateur
67.87,-47.87,33.06,Beginner
36.19,-11.36,9.03,Beginner
59.37,17.49,56.27,Amateur
1.01,53.94,47.9,Beginner
63.61,59.97,10.46,Amateur
91.33,99.31,61.25,Professional
61.26,-6.87,73.8,Amateur
87.37,30.73,76.73,Amateur
72.4,30.0,90.54,Amateur
12.06,10.85,40.95,Beginner
90.25,-24.63,95.31,Amateur
6.64,96.62,86.54,Amateur
53.4,78.0,29.65,Amateur
14.21,24.75,15.93,Beginner
1.17,40.49,43.54,Beginner
42.2,-15.91,40.19,Beginner
29.5,31.57,57.57,Beginner
48.6,54.25,58.34,Amateur
57.72,27.28,75.0,Amateur
4.37,98.54,50.99,Amateur
12.3,41.7,10.48,Beginner
55.86,5.65,85.83,Amateur
34.32,NA,30.98,Beginner
72.92,-24.43,97.13,Amateur
65.23,7.68,11.79,Beginner
84.56,NA,95.83,Professional
69.25,14.77,9.1,Beginner
42.99,67.27,23.1,Amateur
67.3,22.63,4.66,Beginner
27.54,69.1,70.51,Amateur
30.63,NA,85.03,Beginner
78.9,1.31,43.41,Amateur
44.64,71.5,92.85,Amateur
79.84,-14.26,59.03,Amateur
82.24,-16.34,63.0,Amateur
85.76,25.68,84.54,Amateur
91.66,-10.87,29.68,Amateur
43.1,-48.64,35.43,Beginner
31.89,47.24,90.6,Amateur
58.22,26.66,90.1,Amateur
37.12,16.83,97.65,Amateur
60.11,95.05,90.18,Professional
70.56,35.68,12.74,Amateur
68.84,79.51,82.37,Professional
37.46,-29.08,40.98,Beginner
16.69,35.38,99.08,Amateur
43.05,NA,47.23,Amateur
14.26,37.47,55.38,Beginner
89.01,57.7,52.98,Amateur
34.59,5.81,32.17,Beginner
15.45,-36.13,7.5,Beginner
2.54,18.69,89.57,Beginner
64.58,NA,80.27,Amateur
63.69,NA,13.95,Beginner
34.06,-13.4,77.68,Beginner
7.17,NA,62.58,Beginner
40.96,93.72,40.91,Amateur
31.12,-12.86,25.4,Beginner
67.71,2.21,85.97,Amateur
60.58,NA,70.02,Amateur
36.46,94.99,54.77,Amateur
21.79,16.52,60.96,Beginner
98.8,-1.85,9.11,Amateur
45.4,28.91,47.39,Amateur
68.83,53.17,19.37,Amateur
14.06,-8.98,20.84,Beginner
48.56,60.47,66.13,Amateur
2.75,-42.25,91.13,Beginner
50.55,-42.61,40.38,Beginner
96.4,NA,20.77,Beginner
38.42,3.02,64.87,Beginner
3.9,-2.66,87.12,Beginner
3.1,23.65,74.83,Beginner
38.8,-1.89,86.88,Amateur
16.0,-21.16,53.66,Beginner
2.34,NA,75.19,Beginner
75.62,NA,14.01,Beginner
45.85,11.67,34.83,Beginner
28.92,16.71,38.95,Beginner
90.01,36.48,51.13,Amateur
11.61,97.5,92.91,Amateur
95.59,-13.76,87.43,Amateur
31.4,52.19,13.45,Beginner
88.84,57.4,17.28,Amateur
60.29,41.1,35.76,Amateur
82.67,-36.71,29.07,Beginner
98.4,51.53,61.48,Professional
28.84,-40.39,90.28,Beginner
96.11,39.42,96.23,Professional
38.95,NA,65.36,Beginner
38.55,-18.35,83.82,Beginner
34.04,76.24,52.52,Amateur
54.14,-45.45,20.83,Beginner
15.41,76.57,52.47,Amateur
55.37,19.05,55.51,Amateur
54.17,-17.36,74.25,Beginner
76.19,-29.93,21.99,Beginner
83.36,93.0,36.83,Professional
44.04,-39.1,36.4,Beginner
30.23,-20.14,95.94,Beginner
25.93,2.17,44.39,Beginner
19.46,43.04,75.51,Amateur
5.76,31.72,75.08,Beginner
34.24,-31.15,26.55,Beginner
27.02,-6.54,57.19,Beginner
96.64,-14.19,89.43,Amateur
55.77,-17.97,47.52,Beginner
34.73,11.67,94.51,Amateur
58.05,55.6,21.45,Amateur
13.92,NA,7.42,Beginner
44.4,5.0,89.15,Amateur
62.62,8.64,84.77,Amateur
48.89,96.47,99.26,Professional
40.18,93.2,67.94,Amateur
99.38,70.02,93.67,Professional
88.03,-13.75,82.69,Amateur
62.34,-39.79,84.44,Beginner
56.94,-2.46,56.91,Beginner
62.07,-9.98,38.24,Beginner
20.13,25.89,93.46,Amateur
39.51,NA,43.21,Beginner
3.95,78.75,53.88,Amateur
47.55,76.73,44.61,Amateur
54.3,3.95,56.48,Beginner
22.77,53.09,47.05,Beginner
96.4,-3.07,4.8,Beginner
90.95,-40.86,88.2,Amateur
72.21,55.23,44.44,Amateur
53.34,-48.53,58.89,Beginner
87.0,11.38,13.92,Amateur
13.07,-0.59,0.34,Beginner
79.05,54.01,24.53,Amateur
12.48,64.94,70.46,Amateur
79.42,NA,9.92,Beginner
27.58,71.74,90.89,Amateur
87.71,-5.91,21.5,Beginner
94.4,16.95,20.46,Amateur
14.88,59.05,18.15,Beginner
46.27,53.94,1.4,Beginner
98.1,98.11,77.18,Professional
48.34,-16.23,87.5,Amateur
86.35,49.35,61.42,Amateur
58.87,41.45,18.82,Amateur
37.53,87.26,28.53,Amateur
28.58,-26.55,47.59,Beginner
20.32,62.77,95.43,Amateur
76.18,35.24,24.74,Amateur
38.65,-8.8,73.16,Beginner
51.13,21.17,43.94,Beginner
49.23,0.07,29.78,Beginner
57.73,36.9,45.59,Amateur
86.56,83.35,7.12,Amateur
98.07,35.4,79.87,Professional
40.76,44.76,24.33,Beginner
82.75,27.81,72.54,Amateur
76.45,-42.33,6.83,Beginner
57.35,-15.07,95.51,Amateur
95.6,23.8,19.3,Amateur
20.05,NA,88.27,Beginner
10.93,-22.74,80.95,Beginner
85.4,25.62,96.79,Professional
43.91,-1.58,47.79,Beginner
84.7,-11.28,72.74,Amateur
89.31,19.6,37.07,Amateur
6.25,-30.01,18.44,Beginner
88.35,89.16,44.31,Professional
44.83,NA,16.57,Beginner
51.04,56.14,98.2,Amateur
62.66,-34.07,9.62,Beginner
92.64,66.38,58.92,Professional
1.91,71.19,62.65,Amateur
47.68,65.16,53.81,Amateur
68.77,-32.91,66.22,Beginner
72.27,46.59,11.62,Amateur
69.25,75.15,55.5,Amateur
13.44,36.6,28.72,Beginner
29.94,46.96,94.02,Amateur
35.87,18.75,76.21,Amateur
80.44,29.31,97.25,Professional
27.88,-44.84,3.76,Beginner
21.07,NA,28.51,Beginner
95.74,-37.78,19.54,Beginner
0.89,15.25,1.12,Beginner
99.78,-6.1,24.23,Amateur
67.68,31.81,67.88,Amateur
82.85,-29.99,23.11,Beginner
29.46,53.75,50.9,Amateur
1.43,NA,88.78,Beginner
73.79,NA,69.38,Professional
83.41,-34.35,39.46,Beginner
74.05,-28.17,37.25,Beginner
14.29,81.57,45.57,Amateur
75.34,NA,17.7,Beginner
76.89,NA,63.4,Professional
65.85,-33.99,36.42,Beginner
76.61,NA,85.24,Professional
84.59,80.2,75.66,Professional
61.36,74.23,61.05,Amateur
8.86,43.91,36.42,Beginner
48.76,-38.71,20.99,Beginner
7.76,-33.14,77.62,Beginner
40.75,-42.6,48.64,Beginner
40.71,-11.38,22.48,Beginner
6.6,-29.65,19.52,Beginner
34.88,-10.99,16.54,Beginner
11.1,NA,77.72,Beginner
80.82,91.45,22.9,Amateur
94.77,41.56,52.66,Amateur
7.23,75.25,45.15,Beginner
95.51,56.55,57.96,Professional
52.26,-33.12,87.72,Beginner
29.96,60.39,86.77,Amateur
7.69,-8.74,45.11,Beginner
50.06,45.87,1.54,Beginner
79.45,NA,42.64,Amateur
70.71,99.65,60.62,Professional
5.02,-10.47,55.78,Beginner
7.29,-8.13,65.13,Beginner
40.29,89.6,15.41,Amateur
29.53,NA,64.65,Beginner
23.24,54.5,18.27,Beginner
28.1,58.8,75.05,Amateur
80.35,75.46,33.91,Amateur
92.92,NA,70.99,Professional
40.51,96.34,4.79,Amateur
90.61,NA,40.79,Amateur
32.15,73.28,70.5,Amateur
47.64,46.95,22.69,Beginner
22.6,47.1,79.53,Amateur
64.05,NA,63.08,Amateur
97.9,47.53,58.76,Professional
60.35,97.37,35.35,Amateur
35.78,86.77,48.25,Amateur
64.78,15.87,59.73,Amateur
12.29,-44.01,47.25,Beginner
88.87,4.34,69.83,Amateur
50.31,73.96,43.37,Amateur
44.93,55.22,20.23,Amateur
58.59,18.9,21.39,Beginner
62.48,-41.73,0.58,Beginner
7.18,14.03,30.1,Beginner
68.26,20.35,74.89,Amateur
24.19,89.28,79.42,Amateur
71.4,46.16,20.25,Amateur
82.25,-3.25,95.9,Amateur
80.4,28.8,50.24,Amateur
55.25,-40.09,91.7,Beginner
52.02,95.89,70.68,Professional
14.29,4.01,72.24,Beginner
77.53,21.68,8.5,Amateur
27.14,3.29,22.0,Beginner
49.67,52.38,0.88,Beginner
28.43,49.33,71.61,Amateur
13.38,57.3,34.44,Beginner
62.96,-9.78,78.67,Amateur
5.43,NA,33.89,Beginner
74.86,-31.21,81.93,Amateur
31.76,48.33,13.07,Beginner
0.01,-44.03,17.34,Beginner
51.11,39.65,34.09,Amateur
4.69,80.45,40.85,Beginner
27.62,83.62,34.87,Amateur
70.7,17.36,76.36,Amateur
6.27,NA,9.7,Beginner
83.93,-38.45,35.12,Beginner
0.38,50.61,83.72,Amateur
24.68,73.19,6.68,Beginner
74.09,-13.3,94.23,Amateur
31.63,13.2,98.63,Amateur
10.19,75.83,8.86,Beginner
36.02,81.57,29.13,Amateur
27.04,NA,37.24,Beginner
84.27,32.59,77.64,Amateur
31.33,-21.13,59.59,Beginner
78.89,-34.72,64.44,Amateur
89.19,86.67,75.75,Professional
43.38,NA,11.8,Beginner
90.99,64.01,83.32,Professional
37.73,-42.69,70.56,Beginner
96.41,76.56,57.73,Professional
8.93,15.71,88.97,Beginner
68.7,1.36,70.03,Amateur
49.38,NA,20.17,Beginner
38.76,-36.3,42.97,Beginner
63.27,63.5,49.4,Amateur
70.39,37.37,5.52,Amateur
0.44,-22.01,95.46,Beginner
16.7,-21.77,12.86,Beginner
71.3,-22.36,69.75,Amateur
66.64,-41.45,50.62,Beginner
96.6,38.17,2.56,Amateur
76.1,76.05,92.47,Professional
95.08,-47.38,85.18,Amateur
70.25,-42.65,52.43,Beginner
29.81,35.92,22.89,Beginner
10.54,72.92,12.16,Beginner
78.18,-0.99,36.34,Amateur
64.41,2.44,25.54,Beginner
4.82,39.45,50.67,Beginner
36.01,-8.87,96.64,Amateur
95.68,-46.01,57.5,Amateur
50.04,60.28,88.99,Amateur
43.27,43.85,65.09,Amateur
45.77,37.11,47.52,Amateur
20.89,61.25,85.46,Amateur
36.87,51.28,47.14,Amateur
36.98,-19.12,86.86,Beginner
5.24,2.87,29.16,Beginner
76.76,-31.08,12.88,Beginner
41.65,-30.52,85.53,Beginner
82.22,51.43,58.74,Amateur
85.03,78.79,88.91,Professional
21.2,NA,93.78,Beginner
65.74,44.25,5.36,Amateur
47.23,-22.38,50.1,Beginner
88.02,-34.15,37.5,Beginner
21.57,71.93,62.59,Amateur
67.78,36.81,79.36,Amateur
60.78,42.74,28.06,Amateur
29.53,67.22,55.68,Amateur
13.66,55.49,70.87,Amateur
65.16,NA,13.44,Beginner
73.86,-41.57,81.41,Amateur
31.56,62.13,60.61,Amateur
64.48,NA,94.95,Amateur
39.51,-7.08,33.95,Beginner
71.32,46.07,10.81,Amateur
19.92,NA,50.65,Beginner
89.02,93.7,8.58,Amateur
28.74,-44.99,96.95,Beginner
36.78,36.97,3.87,Beginner
5.81,-25.02,75.35,Beginner
11.15,56.83,52.51,Beginner
51.59,-23.62,36.86,Beginner
26.76,-14.69,6.58,Beginner
83.55,24.16,62.22,Amateur
1.47,NA,58.52,Beginner
37.91,-18.24,28.09,Beginner
33.73,-28.36,91.02,Beginner
1.93,63.85,30.41,Beginner
12.44,25.09,44.97,Beginner
41.36,86.77,54.38,Amateur
49.29,-28.01,10.02,Beginner
40.43,46.89,93.22,Amateur
53.09,-15.07,37.45,Beginner
59.51,-26.49,8.08,Beginner
0.99,52.51,38.73,Beginner
46.41,39.05,60.02,Amateur
96.35,63.22,51.37,Professional
51.9,-3.58,69.45,Amateur
67.75,17.2,5.55,Beginner
31.19,10.82,28.45,Beginner
77.4,97.61,81.92,Professional
77.29,-6.16,7.99,Beginner
52.13,-5.78,85.55,Amateur
97.6,NA,9.19,Beginner
12.56,34.69,83.45,Amateur
1.69,-12.15,36.08,Beginner
77.02,87.29,61.22,Professional
80.72,-10.15,15.29,Beginner
12.02,84.37,6.62,Beginner
26.56,-34.48,21.59,Beginner
1.76,48.48,12.79,Beginner
29.33,86.05,31.24,Amateur
77.31,-24.69,51.44,Beginner
51.8,95.25,58.88,Amateur
34.81,17.93,78.99,Amateur
37.17,91.86,65.62,Amateur
0.14,51.52,60.88,Beginner
29.98,-4.76,41.18,Beginner
64.65,NA,47.38,Amateur
97.42,NA,41.45,Amateur
84.71,NA,84.22,Professional
2.36,-28.42,23.0,Beginner
89.86,-34.3,0.57,Beginner
78.32,13.44,65.13,Amateur
78.04,NA,20.25,Beginner
45.8,NA,89.01,Amateur
39.8,-30.45,85.9,Beginner
30.29,46.51,7.67,Beginner
6.57,-20.42,10.64,Beginner
22.82,-35.36,49.52,Beginner
24.66,-24.97,60.92,Beginner
48.41,88.56,27.49,Amateur
74.74,73.22,71.68,Professional
47.38,NA,59.49,Amateur
5.78,48.37,32.48,Beginner
95.78,30.59,2.54,Amateur
94.27,51.57,75.02,Professional
78.52,52.4,21.48,Amateur
99.13,44.31,83.45,Professional
54.45,-10.08,42.03,Beginner
96.28,-44.15,57.71,Amateur
7.56,18.34,87.29,Beginner
36.57,83.65,86.36,Amateur
22.54,35.42,37.15,Beginner
19.58,NA,20.89,Beginner
14.08,98.74,77.51,Amateur
62.24,-25.46,43.31,Beginner
78.13,53.77,19.2,Amateur
57.83,51.14,90.44,Amateur
14.7,96.99,19.81,Amateur
81.11,97.84,2.58,Amateur
63.6,53.0,2.03,Amateur
38.82,-13.46,62.23,Beginner
67.41,69.78,66.17,Amateur
25.99,-33.95,31.1,Beginner
34.52,NA,32.0,Beginner
91.75,86.53,33.95,Professional
29.05,7.43,68.02,Beginner
47.0,44.6,5.81,Beginner
89.01,14.52,92.91,Amateur
70.77,15.66,22.25,Beginner
6.22,-3.44,99.97,Beginner
14.73,64.32,17.15,Beginner
0.78,90.43,77.15,Amateur
63.09,91.11,22.34,Amateur
44.77,-23.78,8.08,Beginner
13.43,81.21,87.49,Amateur
95.79,60.61,85.88,Professional
52.97,-12.07,40.36,Beginner
24.19,-39.91,70.24,Beginner
50.06,-9.8,55.71,Beginner
67.96,86.83,85.3,Professional
7.62,44.98,31.51,Beginner
27.47,58.16,52.37,Amateur
80.7,-11.43,48.54,Amateur
45.97,57.91,35.39,Amateur
54.66,-45.78,89.15,Beginner
43.28,6.3,16.59,Beginner
4.39,NA,14.95,Beginner
16.57,-28.09,57.69,Beginner
44.55,73.45,65.75,Amateur
20.92,NA,19.46,Beginner
5.0,47.84,39.07,Beginner
84.36,10.78,94.66,Amateur
98.12,39.41,24.66,Amateur
79.31,-33.88,66.84,Amateur
85.38,-47.46,74.01,Amateur
24.2,86.43,44.81,Amateur
96.06,-9.56,93.75,Amateur
19.69,72.95,73.67,Amateur
95.14,99.9,45.79,Professional
99.48,-18.29,56.93,Amateur
71.17,NA,69.26,Professional
98.11,49.43,59.22,Professional
56.95,94.82,87.87,Professional
25.95,87.37,35.69,Amateur
43.7,25.43,29.99,Beginner
59.36,69.27,21.38,Amateur
7.31,-29.64,3.78,Beginner
62.23,96.62,4.3,Amateur
98.12,94.65,87.01,Professional
19.01,-25.44,67.84,Beginner
79.26,-5.09,66.05,Amateur
90.79,-34.98,61.46,Amateur
94.37,-9.24,84.92,Amateur
96.01,72.39,48.03,Professional
52.15,6.75,87.04,Amateur
97.73,-36.74,35.94,Beginner
75.73,1.33,92.67,Amateur
16.17,97.21,69.87,Amateur
47.69,44.45,25.72,Amateur
71.83,12.42,56.41,Amateur
24.73,-25.02,53.3,Beginner
64.06,97.93,13.79,Amateur
66.66,73.13,59.12,Amateur
16.27,-7.78,31.48,Beginner
56.51,-39.49,5.23,Beginner
77.16,-41.51,94.87,Amateur
49.89,-31.94,64.15,Beginner
1.21,37.12,87.69,Beginner
0.9,89.31,67.61,Amateur
35.7,24.51,35.7,Beginner
92.62,76.44,51.27,Professional
22.87,NA,67.57,Beginner
63.44,56.29,96.03,Professional
22.21,59.78,25.37,Beginner
32.17,-23.91,87.5,Beginner
84.8,4.18,92.41,Amateur
72.89,45.6,67.04,Amateur
9.54,-39.4,93.13,Beginner
42.87,4.23,39.79,Beginner
2.92,30.22,95.3,Beginner
48.09,99.43,70.28,Professional
66.24,21.18,4.2,Beginner
11.85,72.41,90.69,Amateur
28.89,14.81,48.45,Beginner
39.78,69.46,46.03,Amateur
91.95,39.31,56.65,Amateur
99.33,82.99,14.94,Amateur
4.49,11.64,46.92,Beginner
76.1,40.65,83.11,Amateur
37.17,44.5,1.55,Beginner
39.25,12.61,27.29,Beginner
75.43,-28.35,0.25,Beginner
91.84,-35.97,41.57,Beginner
95.09,-47.5,72.83,Amateur
57.71,81.03,79.88,Professional
35.71,-14.53,94.52,Beginner
78.75,-18.27,60.85,Amateur
25.1,60.41,25.46,Beginner
56.41,-2.0,92.41,Amateur
35.86,25.91,77.53,Amateur
65.66,-25.62,57.44,Beginner
24.04,93.96,69.56,Amateur
19.16,77.74,92.43,Amateur
91.82,79.57,71.24,Professional
10.18,11.02,36.84,Beginner
50.6,64.35,71.3,Amateur
22.09,-28.42,4.03,Beginner
3.89,-48.71,38.64,Beginner
3.6,-47.0,40.63,Beginner
17.52,NA,16.68,Beginner
86.68,18.31,2.31,Amateur
28.25,27.7,13.34,Beginner
95.05,-48.88,65.46,Amateur
58.16,13.4,80.23,Amateur
43.66,57.71,98.82,Amateur
58.01,NA,34.64,Amateur
51.67,59.83,59.94,Amateur
75.88,-15.05,93.71,Amateur
28.25,71.97,16.7,Beginner
35.31,38.26,71.76,Amateur
89.41,NA,75.5,Professional
94.65,-14.49,8.9,Beginner
89.26,44.2,86.12,Professional
41.94,74.49,81.31,Amateur
78.04,NA,3.34,Beginner
47.63,-11.25,9.11,Beginner
49.75,80.05,4.91,Amateur
20.47,50.39,33.47,Beginner
59.11,17.21,50.93,Amateur
18.61,23.19,53.23,Beginner
33.16,-19.36,26.77,Beginner
85.5,44.02,91.16,Professional
20.71,3.81,36.83,Beginner
7.12,99.35,4.56,Beginner
6.9,NA,30.02,Beginner
94.08,22.88,53.11,Amateur
50.69,NA,40.82,Amateur
40.94,87.51,27.38,Amateur
81.09,70.12,13.13,Amateur
83.58,17.67,81.92,Amateur
33.22,57.8,99.61,Amateur
69.36,37.94,32.95,Amateur
77.11,23.86,38.16,Amateur
65.47,-21.15,61.8,Beginner
15.16,19.59,71.84,Beginner
87.59,NA,39.2,Amateur
53.91,87.23,90.49,Professional
28.25,0.31,56.0,Beginner
42.52,92.84,45.04,Amateur
3.76,29.96,64.67,Beginner
12.79,44.73,95.28,Amateur
76.55,31.44,79.46,Amateur
0.0,-30.59,4.0,Beginner
41.66,6.37,33.23,Beginner
52.25,-35.13,47.05,Beginner
5.46,43.44,31.45,Beginner
97.31,NA,70.02,Professional
22.61,66.7,82.63,Amateur
30.42,-16.93,73.13,Beginner
30.39,-25.32,98.93,Beginner
23.04,NA,27.25,Beginner
0.15,88.99,87.5,Amateur
72.93,56.56,76.66,Amateur
96.68,NA,36.22,Amateur
22.43,27.59,73.41,Beginner
66.3,-37.37,10.41,Beginner
74.19,NA,78.93,Professional
84.84,49.96,53.23,Amateur
42.26,-7.19,29.23,Beginner
30.29,37.87,65.58,Amateur
32.53,-33.58,64.16,Beginner
71.26,94.88,20.95,Amateur
81.68,-23.78,3.04,Beginner
18.16,47.2,43.36,Beginner
37.09,-13.18,56.95,Beginner
90.19,57.63,87.66,Professional
80.67,66.52,92.82,Professional
98.49,51.01,52.88,Professional
75.42,42.17,75.38,Amateur
39.32,83.87,43.93,Amateur
59.06,-38.21,74.61,Beginner
66.1,-0.36,20.48,Beginner
7.85,-12.76,37.11,Beginner
54.45,98.2,63.42,Professional
70.93,8.41,1.82,Beginner
16.73,59.89,72.25,Amateur
78.06,52.71,83.55,Professional
58.38,-18.19,39.91,Beginner
95.22,-14.15,44.79,Amateur
4.24,-7.81,85.13,Beginner
26.53,11.67,77.57,Beginner
60.16,NA,28.81,Beginner
29.66,-47.05,32.4,Beginner
71.44,81.91,67.89,Professional
75.9,94.84,56.32,Professional
10.25,1.24,16.22,Beginner
51.39,NA,30.99,Amateur
50.89,-48.94,90.0,Beginner
36.93,52.04,68.82,Amateur
93.29,73.82,98.6,Professional
82.75,-28.01,76.7,Amateur
69.72,-26.05,94.2,Amateur
71.43,68.51,21.62,Amateur
46.17,42.44,77.15,Amateur
92.1,-43.27,2.02,Beginner
69.46,43.38,67.08,Amateur
72.9,-3.66,46.93,Amateur
86.17,5.31,34.68,Amateur
27.41,65.46,86.24,Amateur
80.71,71.64,85.43,Professional
19.52,10.05,2.23,Beginner
34.53,92.07,60.95,Amateur
33.56,10.97,36.78,Beginner
97.85,65.78,41.57,Professional
85.65,22.58,83.2,Amateur
70.12,84.63,30.98,Amateur
72.71,86.16,94.3,Professional
56.21,-36.89,17.96,Beginner
94.71,90.47,66.27,Professional
49.63,73.83,67.21,Amateur
38.05,68.7,25.22,Amateur
16.3,-19.86,32.48,Beginner
78.62,70.77,83.48,Professional
73.44,77.52,76.18,Professional
38.44,NA,32.91,Beginner
2.52,92.84,53.4,Amateur
83.9,-42.52,6.17,Beginner
1.14,-27.51,20.87,Beginner
70.37,NA,48.58,Amateur
97.03,36.37,8.6,Amateur
43.77,46.77,84.33,Amateur
23.5,-47.45,71.8,Beginner
70.49,94.06,94.36,Professional
81.71,-43.31,69.35,Amateur
54.64,-28.54,94.04,Amateur
96.7,-47.9,55.45,Amateur
5.17,35.03,60.02,Beginner
50.48,89.84,97.7,Professional
71.85,49.89,64.21,Amateur
86.26,73.4,3.08,Amateur
17.93,-48.01,72.38,Beginner
80.0,NA,90.55,Professional
55.27,18.93,79.56,Amateur
39.66,24.85,58.38,Amateur
13.17,-39.17,67.13,Beginner
86.53,52.67,99.02,Professional
15.73,25.48,9.07,Beginner
30.98,64.77,66.72,Amateur
29.0,22.79,28.34,Beginner
87.14,-27.59,64.01,Amateur
